url,name,tag,author
https://www.aljazeera.com/indepth/features/doctors-race-understand-illness-afflicting-children-200519063453208.html,Doctors race to understand new illness afflicting children,Health,Colin Baker
https://www.aljazeera.com/indepth/features/risky-business-tracking-rwandan-fugitive-felicien-kabuga-200523173257097.html,The 'risky business' of tracking Rwandan fugitive Felicien Kabuga,Rwanda,Mia Swart
https://www.aljazeera.com/indepth/features/story-incarceration-gentrification-200525070946538.html,Still Here: A story of incarceration and gentrification in the US,United States,Zahra Rasool
https://www.aljazeera.com/news/2020/05/report-charges-venezuela-lady-200529153959714.html,Report: US considering charges against Venezuela's first lady,Latin America,
https://www.aljazeera.com/news/2020/05/george-floyd-protesters-justice-cops-charged-200530011327659.html,George Floyd protesters: No justice unless all four cops charged,United States,Laurin-Whitney Gottbrath
https://www.aljazeera.com/indepth/features/muslims-dearborn-deliver-food-hospitals-ramadan-200517204752393.html,US: Muslims in Dearborn deliver food to hospitals during Ramadan,United States,Hilary Beaumont
https://www.aljazeera.com/news/2020/05/iran-dedicates-statue-honour-healthcare-workers-200530164303150.html,Iran dedicates a statue to honour its healthcare workers,Iran,Zein Basravi
https://www.aljazeera.com/indepth/features/custody-battles-complications-coronavirus-crisis-200501133356147.html,Custody battles take on new complications amid coronavirus crisis,United States,Cara Tabachnick
https://www.aljazeera.com/ajimpact/spending-drops-consumer-savings-soar-200529182856348.html,US spending drops; consumer savings soar,US & Canada,
https://www.aljazeera.com/ajimpact/turkey-sold-44bn-defending-lira-year-bankers-200529142820805.html,"Turkey has sold $44bn defending the lira this year, say bankers",Middle East,
https://www.aljazeera.com/ajimpact/saudi-arabia-moved-40bn-reserves-sovereign-fund-200529222830907.html,Saudi Arabia moved $40bn in reserves to sovereign fund,,
https://www.aljazeera.com/indepth/features/senegalese-engineering-students-fight-coronavirus-inventions-200513064528269.html,Senegalese engineering students fight coronavirus with inventions,Senegal,
https://www.aljazeera.com/indepth/features/denis-mukwege-africa-covid-19-figures-vigilance-needed-200518060421122.html,Denis Mukwege: Africa's COVID-19 figures low but vigilance needed,Democratic Republic of the Congo,Ikaba Koyi
https://www.aljazeera.com/indepth/opinion/africa-population-aging-social-protection-200516101003773.html,Africa's population is aging and it needs social protection,Africa,Meti Bekele Nega
https://www.aljazeera.com/indepth/features/great-salt-drought-desiccating-vietnam-mekong-delta-200420120314759.html,The great salt drought desiccating Vietnam's Mekong Delta,Environment,Zoe Osborne
https://www.aljazeera.com/indepth/features/traditional-healers-doctors-reach-patients-sierra-leone-200429142250815.html,Traditional healers help doctors reach patients in Sierra Leone,Health,Laurence Ivil
https://www.aljazeera.com/blogs/asia/2020/04/anzac-day-dawn-services-driveways-covid-19-lockdown-200425075751183.html,"Anzac Day: In coronavirus lockdown, dawn remembrance on driveways",Asia Pacific,Charlotte Bellis
https://www.aljazeera.com/indepth/features/2001-british-chinese-protest-virus-related-racism-200508094216354.html,"In 2001, a British-Chinese protest against virus-related racism",Racism,Stephanie Soh
https://www.aljazeera.com/blogs/asia/2020/05/lonely-eid-al-fitr-highway-jakarta-200524063959934.html,A lonely Eid al-Fitr under a highway in Jakarta,Coronavirus pandemic,Jessica Washington
https://www.aljazeera.com/indepth/opinion/coronavirus-worried-200205095227962.html,The coronavirus: What should we be worried about?,Health,Aditya Bhattacharji
https://www.aljazeera.com/indepth/opinion/centuries-white-supremacism-blame-christchurch-shooting-200315093919706.html,Centuries of white supremacism to blame for Christchurch shooting,New Zealand,Shaymaa Arif
https://www.aljazeera.com/indepth/opinion/moment-reckoning-coronavirus-meets-climate-change-200423105300035.html,A moment of reckoning - when coronavirus meets climate change,Business & Economy,Dr Jale Samuwai
https://www.aljazeera.com/indepth/opinion/hong-kong-protesters-ruin-200423092338967.html,Hong Kong's protesters are being used to further their own ruin ,Hong Kong protests,Lawrence Ma
https://www.aljazeera.com/news/2020/05/malaysia-pm-mahathir-mohamad-expelled-political-party-200528122220666.html,Ex-Malaysia PM Mahathir Mohamad expelled from own political party,Malaysia,
https://www.aljazeera.com/indepth/features/road-london-gig-economy-workers-200419103609359.html,On the road with London's gig economy workers,Health,Amandas Ong
https://www.aljazeera.com/indepth/features/hanau-attack-mourners-germany-deal-racism-200519105842198.html,"Hanau attack mourners: 'Germany must deal with racism, far right'",Germany,Gouri Sharma
https://www.aljazeera.com/news/2020/05/china-go-ahead-security-laws-hong-kong-200528141635919.html,China gives go-ahead for security laws in Hong Kong,China,Adrian Brown
https://www.aljazeera.com/indepth/opinion/british-scandal-sleight-hand-story-200524115826695.html,The Cummings scandal and political outrage as a diversion,Europe,Aurelien Mondon
https://www.aljazeera.com/indepth/opinion/norway-manshaus-case-freedom-speech-200525102742004.html,The 2019 mosque attack and freedom of speech in Norway,The Far Right,Sindre Bangstad
https://www.aljazeera.com/news/2020/05/struggling-australia-bushfire-victims-200528074016449.html,'Why are we still struggling?' ask Australia bushfire victims,Asia Pacific,Zoe Osborne
https://www.aljazeera.com/news/2020/05/mahathir-vows-challenge-expulsion-party-200529103957872.html,Mahathir vows to challenge expulsion from his own party,Asia Pacific,
https://www.aljazeera.com/news/2020/05/tense-india-china-standoff-himalayan-border-escalate-200527120501581.html,"'All-out combat' feared as India, China engage in border standoff",India,Saif Khalid
https://www.aljazeera.com/indepth/features/excerpts-afghanistan-considered-war-200525183218437.html,Excerpts: When Afghanistan was still considered the 'just war',Literature,
https://www.aljazeera.com/indepth/opinion/india-sri-lanka-coronavirus-stigmatise-muslims-200519134939934.html,"Like India, Sri Lanka is using coronavirus to stigmatise Muslims",Coronavirus pandemic,Omar Suleiman
https://www.aljazeera.com/indepth/features/hospitals-overwhelmed-coronavirus-cases-explode-india-200526044032685.html,Hospitals overwhelmed as coronavirus cases explode in India,India,
https://www.aljazeera.com/news/2020/05/200529021122587.html,'Double-edged sword': Hong Kong gov't warns US on special status ,United States,
https://www.aljazeera.com/news/2020/05/allies-condemn-china-hong-kong-national-security-law-200528144114492.html,US and allies condemn China over Hong Kong national security law,China,
https://www.aljazeera.com/indepth/opinion/rushed-easing-lockdown-measures-devastate-italy-200526112110970.html,The rushed easing of lockdown measures could devastate Italy,Coronavirus pandemic,Vito Laterza 
https://www.aljazeera.com/ajimpact/renault-plans-cut-14600-jobs-globally-auto-downturn-bites-200529072056076.html,"Renault plans to cut 14,600 jobs globally as auto downturn bites",,
https://www.aljazeera.com/news/2020/05/thousands-struggling-ends-meet-spain-200529180637050.html,Thousands struggling to make ends meet in Spain,Spain,
https://www.aljazeera.com/news/2020/05/killed-central-mali-ethnic-attacks-officials-200528143331973.html,Many killed in central Mali ethnic attacks: Officials,Mali,
https://www.aljazeera.com/news/2020/05/mayor-rwanda-sentenced-life-role-1994-genocide-200528153505555.html,Ex-mayor in Rwanda sentenced to life for role in 1994 genocide,Rwanda,
https://www.aljazeera.com/news/2020/05/burundi-opposition-takes-presidential-election-dispute-court-200528173921944.html,Burundi opposition takes presidential election dispute to court,Africa,
https://www.aljazeera.com/news/2020/05/china-hong-kong-law-grave-concern-sanctions-solution-eu-200529134712632.html,"China's Hong Kong law 'grave concern', sanctions no solution: EU",China,
https://www.aljazeera.com/news/2020/01/china-coronavirus-500-words-200127065154334.html,Coronavirus: All you need to know in under 500 words,Coronavirus pandemic,
https://www.aljazeera.com/indepth/features/anatomy-disinformation-campaign-coup-200518142503624.html,Anatomy of a disinformation campaign: The coup that never was,Saudi Arabia,Marc Owen Jones
https://www.aljazeera.com/indepth/features/mustafa-al-kadhimi-ends-iraq-deadlock-pm-faces-hurdles-200511163851795.html,Mustafa al-Kadhimi ends Iraq deadlock but new PM faces hurdles,Middle East,Arwa Ibrahim
https://www.aljazeera.com/indepth/opinion/coronavirus-solutions-resource-poor-countries-200527111130582.html,"There are coronavirus solutions for resource-poor countries, too",Health,Fawzia Rasheed
https://www.aljazeera.com/ajimpact/indicts-28-north-koreans-alleging-25bn-scheme-200528220055301.html,US indicts 28 North Koreans alleging a $2.5bn scheme,,
https://www.aljazeera.com/news/2020/05/afghan-forces-killed-gov-urges-taliban-extend-ceasefire-200529052525519.html,Afghan forces killed as gov't urges Taliban to extend ceasefire,Taliban,
https://www.aljazeera.com/news/2020/05/india-coronavirus-death-toll-surpasses-china-200529071440057.html,India's coronavirus death toll surpasses China's,Asia,
https://www.aljazeera.com/news/2020/05/hundreds-pakistan-children-10-sindh-covid-19-200529062729494.html,Hundreds of children in Pakistan's Sindh infected with COVID-19,Pakistan,
https://www.aljazeera.com/news/2020/05/indian-workers-rights-suspended-restart-economy-200529103639539.html,Indian workers' rights suspended to restart the economy,India,Elizabeth Puranam
https://www.aljazeera.com/news/2020/05/renault-job-losses-french-automaker-suffers-slump-demand-200530074237801.html,Renault job losses: French automaker suffers a slump in demand,France,Natacha Butler
https://www.aljazeera.com/news/2020/05/critics-slam-italy-amnesty-undocumented-migrants-200526104154789.html,'Cynical': Critics slam Italy's amnesty for undocumented migrants,Italy,Lorenzo D'Agostino
https://www.aljazeera.com/news/2020/05/uk-charity-services-volunteers-sharp-rise-200530102145454.html,UK charity services: Volunteers see sharp rise in need for help,United Kingdom,Laurence Lee
https://www.aljazeera.com/news/2020/05/merkel-declines-trump-invite-person-g7-summit-200530073819446.html,Merkel declines Trump invite for in-person G7 summit,Europe,
https://www.aljazeera.com/news/2020/05/ethiopian-security-forces-accused-grave-human-rights-abuses-200527092137914.html,Ethiopian security forces accused of grave human rights abuses,Africa,Mia Swart
https://www.aljazeera.com/news/2020/05/niger-adopts-wire-tapping-legislation-curbing-terrorism-200530063608378.html,Niger adopts new wire-tapping legislation on curbing 'terrorism',Niger,
https://www.aljazeera.com/news/2020/05/unsc-extends-south-sudan-arms-embargo-2021-200530063339453.html,UNSC extends South Sudan arms embargo until May 2021,South Sudan,
https://www.aljazeera.com/news/2020/05/dozen-killed-northern-burkina-faso-attack-200530134202136.html,More than a dozen killed in northern Burkina Faso attack,Africa,
https://www.aljazeera.com/indepth/opinion/blame-lebanon-crisis-200520161851075.html,Who is to blame for Lebanon's crisis?,Lebanon,Habib Battah
https://www.aljazeera.com/indepth/opinion/lockdown-coronavirus-200522135724647.html,"I am under a lockdown, but not because of the coronavirus",Coronavirus pandemic,Laith Abu Zeyad
https://www.aljazeera.com/news/2020/05/airpower-tall-factor-libya-war-outcomes-200528173850764.html,Libya's air war: Drones decisive in battle for Tripoli,Libya,Alex Gatopoulos
https://www.aljazeera.com/news/2020/05/india-nepal-border-dispute-200528085916240.html,What is the way forward in India-Nepal border dispute?,Nepal,Amish Raj Mulmi
https://www.aljazeera.com/news/2020/05/afghanistan-abdullah-ready-taliban-talks-time-200530111207538.html,Afghanistan's Abdullah says ready for Taliban talks 'at any time',Taliban,
https://www.aljazeera.com/news/2020/05/india-pakistan-face-worst-locust-attack-decades-200530092840472.html,India and Pakistan face the worst locust attack in decades,India,Elizabeth Puranam
https://www.aljazeera.com/indepth/opinion/palestine-200518141158305.html,Palestine: The third way forward,Palestine,Marwan Bishara
https://www.aljazeera.com/ajimpact/germany-bold-economic-plan-post-coronavirus-world-200529073603746.html,Germany's bold new economic plan for a post-coronavirus world,,
https://www.aljazeera.com/news/2020/05/uk-scientists-warn-lifting-lockdown-200531055656820.html,UK scientists warn against lifting lockdown too soon,United Kingdom,Nadim Baba
https://www.aljazeera.com/ajimpact/india-economy-grew-q1-deep-slump-expected-200529133659005.html,"India's economy grew in Q1, but deep slump is expected",,
https://www.aljazeera.com/indepth/opinion/rift-moscow-damascus-200517173011730.html,Has Russia grown tired of Syria's Bashar al-Assad?,Russia,Anton Mardasov
https://www.aljazeera.com/ajimpact/central-bank-shoring-virus-stung-economy-200529171158118.html,US central bank says it will keep shoring up virus-stung economy ,United States,
https://www.aljazeera.com/ajimpact/japan-recession-deepen-latest-grim-data-shows-200529070415171.html,"Japan's recession is likely to deepen, latest grim data shows",Japan,
https://www.aljazeera.com/ajimpact/rally-investors-await-decision-hong-kong-200529035501656.html,'Threat to the rally': Investors await US decision on Hong Kong,Financial Markets,
https://www.aljazeera.com/ajimpact/africa-teachers-union-urges-staff-defy-return-work-order-200529180740980.html,S Africa teachers' union urges staff to defy return-to-work order,South Africa,
https://www.aljazeera.com/ajimpact/lebanon-parliament-endorses-300m-aid-package-200528190122422.html,Lebanon's Parliament endorses $300m aid package ,Middle East,Timour Azhari
https://www.aljazeera.com/news/2020/05/algeria-recalls-envoy-france-public-tv-documentaries-200528165827920.html,Algeria recalls envoy to France over public TV documentaries,France,
https://www.aljazeera.com/news/2020/05/murdered-libyan-smuggler-family-kills-30-migrants-200529061841068.html,'Revenge': Murdered Libyan smuggler's family kills 30 migrants,Libya,
https://www.aljazeera.com/news/2020/05/reports-qatar-leaving-gulf-bloc-incorrect-baseless-200529074045205.html,Reports of Qatar leaving Gulf bloc 'incorrect and baseless',Middle East,
https://www.aljazeera.com/news/2020/05/call-economic-support-indian-administered-kashmir-200531082535160.html,Call for economic support for Indian-administered Kashmir,India,Elizabeth Puranam
https://www.aljazeera.com/news/2020/05/saudi-arabia-confirms-yemen-donors-conference-week-200529150039344.html,Saudi Arabia confirms Yemen donors' conference with UN next week,Saudi Arabia,
https://www.aljazeera.com/ajimpact/stung-oil-slump-middle-east-wealthy-risk-averse-200529160152614.html,"Stung by oil slump, Middle East wealthy become more risk averse",Coronavirus pandemic,
https://www.aljazeera.com/news/2020/05/bangladeshis-killed-libya-abducted-tortured-minister-200529175420829.html,"Bangladeshis killed in Libya were abducted, tortured: Minister",Libya,
https://www.aljazeera.com/news/2020/05/israel-police-kill-unarmed-palestinian-occupied-east-jerusalem-200530083904627.html,Israel police kill unarmed Palestinian in occupied East Jerusalem,Occupied West Bank,
https://www.aljazeera.com/news/2020/05/sudan-summons-ethiopia-envoy-deadly-cross-border-attack-200530154306068.html,Sudan summons Ethiopia envoy over deadly cross-border attack,Ethiopia,
https://www.aljazeera.com/news/2020/05/france-uk-germany-regret-iran-nuclear-waivers-200530090710227.html,"France, UK, Germany 'regret' US end to three Iran nuclear waivers",Iran,
https://www.aljazeera.com/blogs/middleeast/2020/05/decade-passed-mavi-marmara-killings-shape-200530153200469.html,"A decade has passed, but the Mavi Marmara killings I saw still shape me",Gaza,Jamal Elshayyal
https://www.aljazeera.com/indepth/opinion/coronavirus-leaked-lab-blame-capitalism-china-200519133348487.html,"Coronavirus leaked from a lab? Blame capitalism, not China",Asia,Li Zhang
https://www.aljazeera.com/indepth/features/mosques-closed-nyc-muslims-find-ways-observe-ramadan-200518171405932.html,"With mosques closed, NYC Muslims find new ways to observe Ramadan",United States,Samira Sadeque
https://www.aljazeera.com/indepth/opinion/tale-trumps-200525134531269.html,A tale of two Trumps,United States,Marwan Bishara
https://www.aljazeera.com/indepth/opinion/deserves-billionaire-200524115936784.html,Do billionaires 'deserve' their wealth?,Europe,Khaled Diab 
https://www.aljazeera.com/ajimpact/wall-street-closes-month-gains-hopes-economy-reopening-200529204225512.html,Wall Street closes month of gains on hopes of economy reopening,Wall Street,
https://www.aljazeera.com/news/2020/05/cops-break-blue-wall-silence-george-floyds-death-200530061740670.html,US cops break ‘blue wall of silence’ for George Floyd’s death,US & Canada,Gabriel Elizondo
https://www.aljazeera.com/news/2020/05/trump-escalates-china-conflict-sanctions-measures-200529190241493.html,Hong Kong officials say Trump 'wrong' to end special status,China,
https://www.aljazeera.com/news/2020/05/george-floyd-minnesota-governor-fully-mobilise-national-guard-200530153859966.html,George Floyd protests: Minnesota fully mobilises National Guard,United States, Lucien Formichella
https://www.aljazeera.com/indepth/features/ackee-saltfish-jamaican-navigates-taste-home-191114121614626.html,Ackee and saltfish: A Jamaican navigates the taste of home,Jamaica,Summer Eldemire
https://www.aljazeera.com/indepth/features/cooking-healing-mother-vietnamese-kitchen-191211093414727.html,Cooking and healing in my mother's Vietnamese kitchen,United States,Kim O’Connell
https://www.aljazeera.com/indepth/features/held-ransom-dinner-table-191210132834593.html,Navigating the use of a knife and a fork at the dinner table ,South Africa,Ishay Govender-Ypma
https://www.aljazeera.com/indepth/features/terminal-illness-predictability-pie-191117122641062.html,Terminal illness and the predictability of pie,United States,Hannah Selinger
https://www.aljazeera.com/indepth/features/argentina-coronavirus-patients-medical-workers-harassed-200428122329108.html,"Argentina's coronavirus patients, medical workers harassed ",Argentina,Natalie Alcoba
https://www.aljazeera.com/indepth/features/indigenous-colombia-fight-armed-groups-coronavirus-200428175539658.html,Indigenous in Colombia take on armed groups - and coronavirus,Coronavirus pandemic,Hanna Wallis
https://www.aljazeera.com/indepth/features/mexico-medical-workers-beg-ppe-200430115012143.html,'No one's looking out for us': Mexico medical workers beg for PPE,Mexico,Samantha Demby
https://www.aljazeera.com/indepth/opinion/bolsonaro-covid-19-denial-devastate-vulnerable-brazilians-200325123513207.html,Bolsonaro's COVID-19 denial will devastate vulnerable Brazilians,Coronavirus pandemic,Raphael Tsavkko Garcia
https://www.aljazeera.com/indepth/opinion/coronavirus-pandemic-threat-populist-strongmen-200421105729756.html,The coronavirus pandemic is a threat to populist strongmen,Europe,Santiago Zabala
https://www.aljazeera.com/indepth/opinion/coronavirus-narcotics-drug-cartels-survive-covid-19-200427131004141.html,Coronavirus and narcotics: Can drug cartels survive COVID-19?,Coronavirus pandemic,Nicola Morfini
https://www.aljazeera.com/indepth/opinion/covid-19-brings-renewed-urgency-remedies-cholera-haiti-200521082808222.html,COVID-19 brings renewed urgency to remedies for cholera in Haiti,United Nations,Sandra Wisner
https://www.aljazeera.com/ajimpact/chile-latam-airlines-files-bankruptcy-protection-200526150422449.html,Chile's LATAM Airlines files for US bankruptcy protection,Latin America,
https://www.aljazeera.com/news/2020/05/coronavirus-accelerating-latin-american-countries-200526173448409.html,WHO: Coronavirus 'accelerating' in some Latin American countries,Latin America,
https://www.aljazeera.com/news/2020/05/suriname-election-preliminary-results-show-opposition-winning-200527174008725.html,Suriname election: Preliminary results show opposition winning ,Suriname,
https://www.aljazeera.com/news/2020/05/brazil-police-raid-rio-governor-residences-covid-19-probe-200526134451382.html,Brazil police raid Rio governor's residences amid COVID-19 probe,Brazil,
https://www.aljazeera.com/ajimpact/venezuela-reaches-deal-gold-held-uk-bank-buy-food-200527215545522.html,Venezuela reaches UN deal to use gold held in UK bank to buy food,Food,
https://www.aljazeera.com/news/2020/05/brazil-records-1000-daily-coronavirus-deaths-200528084409144.html,"Brazil records another 1,000-plus daily coronavirus deaths",Brazil,
https://www.aljazeera.com/news/2020/05/mammoth-discovery-giant-remains-mexico-city-200528092949598.html,A mammoth discovery: Giant remains found near Mexico City,Mexico,Sara Khairat
https://www.aljazeera.com/news/2020/05/venezuelas-maduro-considers-charging-citizens-petrol-200528104416267.html,Venezuela's Maduro considers charging citizens more for petrol,Venezuela,
https://www.aljazeera.com/news/2020/05/peru-doctors-warn-cope-coronavirus-infections-200530162700706.html,Peru doctors warn they cannot cope with coronavirus infections,Peru,Priyanka Gupta
https://www.aljazeera.com/news/2020/05/brazils-coronavirus-death-toll-worlds-fourth-highest-200531063925932.html,Brazil's coronavirus death toll now the world's fourth-highest,Latin America,Alessandro Rampietti
https://www.aljazeera.com/indepth/features/holding-hoxha-guarding-statue-communist-albania-200501133506686.html,Holding onto Hoxha: Guarding the last statue of communist Albania,Communism,Fatjona Mejdini
https://www.aljazeera.com/ajimpact/drug-deal-lebanon-black-market-currency-trade-200528234611194.html,'Like a drug deal': Inside Lebanon's black market currency trade,Middle East,Timour Azhari
https://www.aljazeera.com/ajimpact/spain-introduces-basic-income-scheme-tackle-poverty-200530080443046.html,Spain introduces basic income scheme to tackle poverty,Europe,
https://www.aljazeera.com/ajimpact/lufthansa-agrees-give-airport-slots-97bn-bailout-200530062734706.html,Lufthansa agrees to give up airport slots for $9.7bn bailout,Aviation,
https://www.aljazeera.com/podcasts/thetake/2020/05/chile-pandemic-exposes-water-divide-200529151613171.html,"In Chile, a pandemic exposes a water divide",Latin America,
https://www.aljazeera.com/news/2020/05/backlash-trump-exiting-virus-grips-latin-america-200530190431765.html,Backlash against Trump exiting WHO as virus grips Latin America,World Health Organization,
https://www.aljazeera.com/news/2020/05/trump-postpones-g7-summit-seeks-expand-invitation-list-200531005407487.html,"Trump postpones G7 summit, seeks to expand invitation list",US & Canada,
https://www.aljazeera.com/ajimpact/spacex-nasa-astronauts-historic-launch-200530192756321.html,SpaceX and NASA astronauts make historic launch,NASA,Laura Winter
https://www.aljazeera.com/indepth/inpictures/ny-seattle-protests-police-brutality-escalate-200531070319756.html,"From NY to Seattle, protests against police brutality escalate",United States,
https://www.aljazeera.com/blogs/asia/2020/05/death-spy-pigeons-indian-administered-kashmir-200527141515512.html,Death and 'spy' pigeons in Indian-administered Kashmir,India,Imran Khan
https://www.aljazeera.com/indepth/features/dignity-uk-special-schools-200503115522182.html,'Love and dignity': Inside the UK's special needs schools,Coronavirus pandemic,Amandas Ong
https://www.aljazeera.com/news/2020/05/dr-congo-activists-fight-misinformation-covid-19-200531103247148.html,DR Congo activists fight misinformation around COVID-19,Democratic Republic of the Congo,Charlotte Bellis
https://www.aljazeera.com/indepth/features/india-victims-1984-bhopal-gas-tragedy-dying-coronavirus-200529063747865.html,India victims of 1984 Bhopal gas tragedy dying of coronavirus,India,
https://www.aljazeera.com/ajimpact/spacex-astronaut-riding-capsule-arrives-space-station-200531140423918.html,SpaceX's astronaut-riding capsule arrives at space station,Space,
https://www.aljazeera.com/news/2020/05/india-ease-coronavirus-lockdown-record-cases-200530162340356.html,India to ease coronavirus lockdown despite record new cases,Coronavirus pandemic,
https://www.aljazeera.com/indepth/features/doctor-note-high-viral-load-coronavirus-worse-200515075609542.html,Doctor's Note: Does a high viral load make coronavirus worse?,Coronavirus pandemic,Dr Sara Kayat
https://www.aljazeera.com/news/2020/05/george-floyd-protesters-don-curfew-change-200531064102073.html,"George Floyd protesters: 'We don't need a curfew, we need change'",United States, Lucien Formichella
https://www.aljazeera.com/news/2020/05/breathe-black-man-dies-officer-pins-200526165502331.html,George Floyd: Black man dies after US police pin him to ground,United States,Laurin-Whitney Gottbrath
https://www.aljazeera.comhttps://www.aljazeera.com/news/2020/02/taliban-peace-agreement-200229134403285.html,What does the Taliban-US agreement say?,Taliban,
https://www.aljazeera.comhttps://www.aljazeera.com/news/2020/05/afghan-president-pledges-release-2000-taliban-prisoners-200525053352382.html,"Afghan president pledges to release up to 2,000 Taliban prisoners",Taliban,
https://www.aljazeera.com/indepth/opinion/united-states-withdrawal-afghanistan-181227010746519.html,What's next for the United States in Afghanistan?,United States,Michael Kugelman
https://www.aljazeera.com/indepth/opinion/imran-khan-pakistani-military-favourite-son-180723044709061.html,Is Imran Khan the Pakistani military's 'favourite son'?,Pakistan elections 2018,Michael Kugelman
https://www.aljazeera.comhttps://www.aljazeera.com/news/2020/05/afghanistan-ghani-abdullah-sign-power-sharing-deal-200517105526348.html,Afghanistan: Ghani and Abdullah sign power-sharing deal,United States,
https://www.aljazeera.com/indepth/opinion/helen-zilles-return-bad-omen-south-africa-191027125904418.html,Helen Zille’s return is a bad omen for South Africa ,Africa,Tafi Mhaka
https://www.aljazeera.com/indepth/opinion/africa-gambia-leadership-human-rights-191118132642431.html,Africa needs The Gambia's leadership on human rights,Africa,Tafi Mhaka
https://www.aljazeera.com/indepth/opinion/merkel-backing-mnangagwa-bad-news-zimbabwe-180904063033905.html,May and Merkel backing Mnangagwa is bad news for Zimbabwe,Zimbabwe,Tafi Mhaka
https://www.aljazeera.com/indepth/opinion/eu-sisi-deal-shows-egyptian-lives-don-matter-181004105536336.html,The EU-Sisi deal shows Egyptian lives don't matter in Brussels,European Union,Tafi Mhaka
https://www.aljazeera.com/indepth/opinion/problem-cyril-ramaphosa-friendly-visit-kinshasa-180820102449977.html,The problem with Cyril Ramaphosa's friendly visit to Kinshasa,Democratic Republic of the Congo,Tafi Mhaka
https://www.aljazeera.com/indepth/opinion/anti-gay-witch-hunts-protecting-african-values-181106105153386.html,Are anti-gay witch hunts really protecting 'African values'?,Human Rights,Tafi Mhaka
https://www.aljazeera.com/indepth/opinion/elections-xenophobic-violence-south-africa-190406154752117.html,Voting and loathing in South Africa,Africa,Tafi Mhaka
https://www.aljazeera.com/indepth/opinion/british-style-lockdowns-working-africa-200501101858972.html,British-style lockdowns are not working in Africa,Africa,Tafi Mhaka
https://www.aljazeera.com/indepth/opinion/south-africa-ready-lead-africa-200218095017263.html,South Africa is not ready to lead Africa,African Union,Tafi Mhaka
https://www.aljazeera.com/indepth/opinion/problem-sadc-brotherly-stance-zimbabwe-sanctions-191010121002420.html,The problem with SADC's 'brotherly' stance on Zimbabwe sanctions,Africa,Tafi Mhaka
https://www.aljazeera.comhttp://www.aljazeera.com/indepth/inpictures/2015/07/cave-dwellers-palestine-150713081738391.html,The last cave dwellers of Palestine,Politics,
https://www.aljazeera.comhttps://www.aljazeera.com/news/2020/05/george-floyd-death-pressure-mounts-officers-charged-200528004535033.html?utm_source=website&utm_medium=article_page&utm_campaign=read_more_links,George Floyd death: Pressure mounts for US officers to be charged,United States,Laurin-Whitney Gottbrath
https://www.aljazeera.comhttps://www.aljazeera.com/news/2020/05/breathe-black-man-dies-officer-pins-200526165502331.html?utm_source=website&utm_medium=article_page&utm_campaign=read_more_links,George Floyd: Black man dies after US police pin him to ground,United States,Laurin-Whitney Gottbrath
https://www.aljazeera.comhttps://www.aljazeera.com/news/2020/05/isil-responsible-kabul-hospital-attack-200515012630703.html,US says ISIL was responsible for Kabul hospital attack,United States,
https://www.aljazeera.com/indepth/opinion/south-africa-pariah-africa-190909145153827.html,South Africa is becoming a pariah in Africa,South Africa,Tafi Mhaka
https://www.aljazeera.comhttps://www.aljazeera.com/news/2020/05/ashraf-ghani-orders-troops-resume-offensive-taliban-200512200627406.html,Ashraf Ghani orders troops to resume offensive against Taliban,Ashraf Ghani,
https://www.aljazeera.comhttps://www.aljazeera.com/news/2018/01/trump-shithole-remarks-spur-international-anger-180112084723204.html,Trump's 'shithole' remarks spur international anger,United States,
https://www.aljazeera.comhttps://www.aljazeera.com/news/2020/05/george-floyd-minneapolis-braces-night-protests-200528211041622.html?utm_source=website&utm_medium=article_page&utm_campaign=read_more_links,George Floyd: Protests over deadly arrest rock US's Minneapolis,United States,Laurin-Whitney Gottbrath
https://www.aljazeera.comhttps://www.aljazeera.com/news/2020/05/afghanistan-gunmen-storm-kabul-hospital-200512071439807.html,Babies among 24 killed as gunmen attack maternity ward in Kabul,Asia,
https://www.aljazeera.comhttps://www.aljazeera.com/news/2020/05/afghan-taliban-announces-day-eid-ceasefire-200523190953783.html,Afghan Taliban announces three-day Eid ceasefire,Asia,
https://www.aljazeera.comhttps://www.aljazeera.com/news/2020/05/gunmen-attack-afghanistan-mosque-killing-worshippers-200519192619527.html,Gunmen attack Afghanistan mosque killing many worshippers,Afghanistan,
https://www.aljazeera.comhttps://www.aljazeera.com/news/2020/05/track-pull-troops-afghanistan-pentagon-200515190550268.html?utm_source=website&utm_medium=article_page&utm_campaign=read_more_links,US on track to pull troops out of Afghanistan: Pentagon ,Afghanistan,
https://www.aljazeera.comhttps://www.aljazeera.com/news/2020/01/coronavirus-symptoms-vaccines-risks-200122194509687.html?utm_source=website&utm_medium=article_page&utm_campaign=read_more_links,Coronavirus: All you need to know about symptoms and risks,China,
https://www.aljazeera.comhttps://www.aljazeera.com/news/2020/01/alarms-raised-china-pneumonia-outbreak-infects-dozens-200104002802346.html,Alarms raised in China as pneumonia outbreak infects dozens,China,
https://www.aljazeera.com/indepth/features/free-tortured-bagram-inmates-struggle-cope-190924175324451.html,"'Free, but not free': Tortured ex-Bagram inmates struggle to cope",Asia,Asad Hashim
https://www.aljazeera.com/indepth/features/afghanistan-rediscovering-mother-left-200115051101544.html,From the US to Afghanistan: Rediscovering the mother who left me,US & Canada,Tracee Herbaugh
https://www.aljazeera.comhttps://www.aljazeera.com/news/2020/03/coronavirus-pandemic-change-200312081112451.html,Coronavirus: What is a pandemic and how will things change?,Coronavirus pandemic,
https://www.aljazeera.com/blogs/asia/2020/03/finding-refuge-china-epicentre-coronavirus-pandemic-shifts-200328014936966.html,Finding refuge in China as the epicentre of the coronavirus pandemic shifts,Asia Pacific,Kelly Dawson
https://www.aljazeera.comhttps://www.aljazeera.com/news/2020/04/nigerian-president-top-aide-dies-coronavirus-presidency-200418053325016.html,Nigerian president's top aide dies of coronavirus: Presidency,Nigeria,
https://www.aljazeera.comhttps://www.aljazeera.com/news/2020/03/afro-jazz-legend-manu-dibango-dies-contracting-coronavirus-200324095810504.html,Afro-jazz legend Manu Dibango dies after contracting coronavirus,Cameroon,
https://www.aljazeera.com/news/2020/05/egypt-fire-coronavirus-deaths-healthcare-workers-200525173610005.html,Egypt under fire over coronavirus deaths among healthcare workers,Coronavirus pandemic,
https://www.aljazeera.com/indepth/features/egypt-targeting-final-line-defence-191125122753220.html,Egypt: Targeting the final line of defence,Human Rights,Noor El-Terk
https://www.aljazeera.com/news/2020/01/south-africa-considers-nationalising-central-bank-200128101400946.html,South Africa considers nationalising central bank,South Africa,Haru Mutasa
https://www.aljazeera.com/indepth/features/arab-spring-protesters-reflect-hosni-mubarak-legacy-200226101640185.html,Arab Spring protesters reflect on Hosni Mubarak's legacy,Egypt,Noor El-Terk
https://www.aljazeera.com/indepth/features/profile-farouk-el-baz-egyptian-moon-landings-190720104828224.html,"Profile: Farouk El-Baz, the Egyptian behind the Moon landings",NASA,Alasdair Soussi
https://www.aljazeera.com/news/2020/02/malawis-disputed-election-court-rule-2019-results-200203071211506.html,Malawi's disputed election: Court to rule on 2019 results,Malawi,Haru Mutasa
https://www.aljazeera.com/news/2020/01/south-africa-baby-deaths-parents-accuse-hospital-hiding-information-200124093011587.html,South Africa baby deaths: Parents say hospital hiding information,South Africa,Haru Mutasa
https://www.aljazeera.com/news/2020/02/malawi-elections-concerns-delayed-presidential-poll-200207091420782.html,Malawi elections: Concerns over delayed presidential poll,Malawi,Haru Mutasa
https://www.aljazeera.com/news/2020/03/zimbabwe-mnangagwa-declares-national-disaster-coronavirus-200320103012138.html,Zimbabwe: Mnangagwa declares national disaster over coronavirus,,Haru Mutasa
https://www.aljazeera.com/news/2020/03/drought-adds-hardship-zimbabwe-economy-shrinks-200307094450513.html,Drought adds to hardship as Zimbabwe economy shrinks,,Haru Mutasa
https://www.aljazeera.com/news/2020/02/malawi-rape-allegations-police-officers-200213092504576.html,Malawi rape allegations against police officers,Malawi,Haru Mutasa
https://www.aljazeera.com/news/2020/03/afghan-president-elect-inauguration-pushed-spokesman-200309031313848.html,"Ghani sworn in as Afghan president, rival holds own inauguration",Asia,Shereena Qazi 
https://www.aljazeera.com/news/2020/04/zimbabwe-lockdown-restrictions-eased-damage-livelihoods-grows-200412054117266.html,Zimbabwe lockdown: Restrictions eased as COVID-19 affects people,Zimbabwe,Haru Mutasa
https://www.aljazeera.com/news/2020/04/zimbabwe-food-crisis-worsens-covid-19-lockdown-extension-200426071229201.html,Zimbabwe food crisis worsens with COVID-19 lockdown extension,Zimbabwe,Haru Mutasa
https://www.aljazeera.com/news/2019/10/afghanistan-abdullah-abdullah-191014082129146.html,Who is Afghanistan's Abdullah Abdullah?,Abdullah Abdullah,Shereena Qazi 
https://www.aljazeera.comhttps://www.aljazeera.com/news/2020/03/eu-promises-takes-curb-coronavirus-live-updates-200310235816410.html?utm_source=website&utm_medium=article_page&utm_campaign=read_more_links,WHO declares coronavirus crisis a pandemic: Live updates,Health,Kate Mayberry
https://www.aljazeera.com/news/2020/03/taliban-deal-raises-hopes-afghan-prisoners-200324132900469.html,US-Taliban deal raises hopes for Afghan prisoners,Qatar,Shereena Qazi 
https://www.aljazeera.com/news/2020/04/anguish-sri-lanka-forces-muslims-cremate-covid-19-victims-200403053706048.html,Anguish as Sri Lanka forces Muslims to cremate COVID-19 victims,Sri Lanka,Shereena Qazi 
https://www.aljazeera.com/news/2020/03/afghanistan-plunges-crisis-200310071904122.html,"Afghanistan plunges into a new crisis, what next?",Abdullah Abdullah,Shereena Qazi 
https://www.aljazeera.com/news/2020/04/proper-suhoor-iftar-ramadan-delhi-quarantine-centres-200429070226510.html,"No proper suhoor, iftar: Ramadan inside Delhi quarantine centres",Coronavirus pandemic,Shereena Qazi 
https://www.aljazeera.com/news/2020/05/official-missed-chances-slow-coronavirus-live-updates-200501234526091.html,"US coronavirus death toll surpasses 65,000: Live updates",US & Canada,Tamila Varshalomidze
https://www.aljazeera.com/news/2020/01/drc-government-force-families-leave-mines-200106141825582.html,DRC government to force families to leave mines,Democratic Republic of the Congo,Haru Mutasa
https://www.aljazeera.comhttps://www.aljazeera.com/news/2020/03/french-open-postponed-due-coronavirus-pandemic-200317165501711.html,French Open postponed due to coronavirus pandemic,Tennis,
https://www.aljazeera.com/news/2020/05/sri-lanka-muslims-face-extra-threat-coronavirus-stirs-hate-200510183518512.html,Sri Lanka: Muslims face extra threat as coronavirus stirs hate,Sri Lanka,Shereena Qazi 
https://www.aljazeera.com/indepth/features/podcasts-mind-coronavirus-200401062159661.html,Five podcasts to listen to while under lockdown,Libya,
https://www.aljazeera.com/indepth/opinion/put-spring-arab-spring-200116085121316.html,Put the spring back in the Arab Spring,Arab Spring,Marwan Bishara
https://www.aljazeera.com/news/2020/05/rebel-attacks-mozambique-regional-leaders-discuss-security-200520190803250.html,Rebel attacks in Mozambique: Regional leaders to discuss security,Mozambique,Haru Mutasa
https://www.aljazeera.com/indepth/opinion/hosni-mubarak-legacy-abdel-fattah-el-sisi-200227122652779.html,Hosni Mubarak's legacy is Abdel Fattah el-Sisi,Egypt,Abdullah Al-Arian
https://www.aljazeera.comhttps://www.aljazeera.com/news/2020/05/coronavirus-korea-baseball-league-reopens-empty-stadiums-200505062954160.html,Coronavirus: S Korea baseball league reopens in empty stadiums,Coronavirus pandemic,
https://www.aljazeera.com/indepth/opinion/trump-resolve-egypt-ethiopia-nile-dam-dispute-200423122833640.html,Can Trump resolve the Egypt-Ethiopia Nile dam dispute?,Ethiopia,Mehari Taddele Maru 
https://www.aljazeera.com/indepth/opinion/toxic-fallout-deal-century-200316060820463.html,The toxic fallout of the 'deal of the century'   ,Israel,Marwan Bishara
https://www.aljazeera.com/news/2020/05/egypt-army-10-soldiers-killed-injured-north-sinai-blast-200501063735081.html,"Egypt army says 10 soldiers killed, injured in North Sinai blast",Middle East,
https://www.aljazeera.com/news/2020/05/egypt-shady-habash-filmmaker-mocked-el-sisi-dies-prison-200502183317220.html,"Egypt: Shady Habash, filmmaker who mocked el-Sisi, dies in prison",Egypt,
https://www.aljazeera.com/news/2020/05/journalism-crime-egypt-amnesty-international-200503063513164.html,Journalism has become a crime in Egypt: Amnesty International,Middle East,
https://www.aljazeera.com/news/2020/05/egypt-group-calls-transparent-probe-filmmaker-death-200504071522925.html,Egypt group calls for 'transparent' probe into filmmaker's death,Human Rights,
https://www.aljazeera.com/ajimpact/moody-devalues-saudi-debt-gulf-distressed-debt-deals-rise-200504164252457.html,Moody's devalues Saudi debt: Gulf distressed debt deals may rise,,
https://www.aljazeera.com/news/2020/05/egypt-tv-show-aired-ramadan-fire-insulting-women-200505141222833.html,Egypt TV show aired during Ramadan under fire for insulting women,Middle East,
https://www.aljazeera.com/news/2020/05/egypt-18-suspected-armed-fighters-killed-sinai-firefight-200503135545337.html,Egypt says 18 suspected armed fighters killed in Sinai firefight,Egypt,
https://www.aljazeera.com/news/2020/05/egypt-el-sisi-expands-powers-citing-coronavirus-pandemic-200509070706295.html,"Egypt's el-Sisi expands powers, citing coronavirus pandemic",Abdel Fattah el-Sisi,
https://www.aljazeera.com/ajimpact/egypt-seeks-9bn-aid-imf-institutions-200513164825333.html,Egypt seeks $9bn in aid from IMF and other institutions,,
https://www.aljazeera.com/news/2020/05/campaign-press-group-egypt-arrests-journalist-200515175623142.html,"'Brutal campaign', says press group as Egypt arrests journalist",Egypt,
https://www.aljazeera.com/news/2020/05/sudan-rejects-ethiopia-proposal-sign-nile-mega-dam-agreement-200513065649833.html,Sudan rejects Ethiopia proposal to sign Nile mega-dam agreement,Egypt,
https://www.aljazeera.com/news/2020/05/independent-egyptian-media-outlet-mada-masr-editor-arrested-200517133831262.html,Egyptian media outlet Mada Masr says editor Lina Attalah arrested,Egypt,
https://www.aljazeera.com/news/2020/05/egypt-flyover-a-threat-residents-lives-200518114212057.html,Egypt flyover 'a threat to residents' lives',Egypt,Victoria Gatenby
https://www.aljazeera.com/news/2020/05/coronavirus-fears-grip-middle-east-10000-iran-medics-infected-200521201418904.html,"Coronavirus fears grip Middle East; 10,000 Iran medics infected",Coronavirus pandemic,
https://www.aljazeera.com/news/2020/05/egypt-21-fighters-killed-raids-sinai-200523194035699.html,Egypt says 21 fighters killed during raids in Sinai,Middle East,
https://www.aljazeera.com/news/2020/05/egypt-accepts-ethiopia-sudan-proposal-renegotiate-dam-dispute-200522074723307.html,Egypt accepts Ethiopia-Sudan proposal to renegotiate dam dispute,Egypt,
https://www.aljazeera.com/news/2020/05/lina-attalah-egypt-news-outlet-chief-editor-released-bail-200518064954477.html,Egypt: Mada Masr editor Lina Attalah released on bail,Media,
https://www.aljazeera.com/news/2020/05/political-prisoners-freed-egypt-pardons-thousands-eid-200524092210169.html,No political prisoners freed as Egypt pardons thousands on Eid,Egypt,
https://www.aljazeera.comhttps://www.aljazeera.com/indepth/opinion/time-negotiate-al-shabab-200217140814723.html?utm_source=website&utm_medium=article_page&utm_campaign=read_more_links,It is time to negotiate with al-Shabab,Kenya,Rashid Abdallah
https://www.aljazeera.comhttps://www.aljazeera.com/news/2020/03/coronavirus-pandemic-experts-somalia-risk-greater-china-200319052938789.html?utm_source=website&utm_medium=article_page&utm_campaign=read_more_links,Coronavirus pandemic: Experts say Somalia risk greater than China,Somalia,Hamza Mohamed
https://www.aljazeera.comhttps://www.aljazeera.com/news/2020/03/warmer-weather-slow-spread-coronavirus-200310050819610.html?utm_source=website&utm_medium=article_page&utm_campaign=read_more_links,Will warmer weather slow the spread of coronavirus?,Asia Pacific,Ted Regencia
https://www.aljazeera.comhttps://www.aljazeera.com/news/2020/03/coronavirus-travel-restrictions-border-shutdowns-country-200318091505922.html?utm_source=website&utm_medium=article_page&utm_campaign=read_more_links,"Coronavirus: Travel restrictions, border shutdowns by country",Coronavirus pandemic,
https://www.aljazeera.comhttps://www.aljazeera.com/news/2019/12/al-jazeera-mahmoud-hussein-held-egypt-prison-3-years-191220114733158.html?utm_source=website&utm_medium=article_page&utm_campaign=read_more_links,Al Jazeera's Mahmoud Hussein held in Egypt prison for 3 years,Human Rights,
https://www.aljazeera.comhttps://www.aljazeera.com/news/2020/05/journalism-crime-egypt-amnesty-international-200503063513164.html?utm_source=website&utm_medium=article_page&utm_campaign=read_more_links,Journalism has become a crime in Egypt: Amnesty International,Middle East,
https://www.aljazeera.comhttps://www.aljazeera.com/news/2020/03/air-strike-somalia-killed-civilians-mp-200311133708351.html?utm_source=website&utm_medium=article_page&utm_campaign=read_more_links,US air strike in Somalia killed civilians: MP,Al-Shabab,Hamza Mohamed
https://www.aljazeera.comhttps://www.aljazeera.com/news/2020/01/coronavirus-200124184359026.html?utm_source=website&utm_medium=article_page&utm_campaign=read_more_links,What we know so far about coronavirus,Coronavirus outbreak,Raheela Mahomed
https://www.aljazeera.comhttps://www.aljazeera.com/news/2020/03/coronavirus-emergency-kit-preparation-symptoms-tips-200314103304717.html?utm_source=website&utm_medium=article_page&utm_campaign=read_more_links,Your coronavirus emergency kit: Five workouts to do at home,Coronavirus pandemic,
https://www.aljazeera.comhttps://www.aljazeera.com/news/2020/01/coronavirus-200124184359026.html?utm_source=website&utm_medium=article_page&utm_campaign=read_more_links?utm_source=website&utm_medium=article_page&utm_campaign=read_more_links,What we know so far about coronavirus,Coronavirus outbreak,Raheela Mahomed
https://www.aljazeera.comhttps://www.aljazeera.com/news/2020/01/countries-confirmed-cases-coronavirus-200125070959786.html?utm_source=website&utm_medium=article_page&utm_campaign=read_more_links?utm_source=website&utm_medium=article_page&utm_campaign=read_more_links,Coronavirus: Which countries have confirmed cases?,Health,
https://www.aljazeera.comhttps://www.aljazeera.com/ajimpact/airlines-cut-china-flights-firms-halt-travel-virus-fears-200129011109306.html,Airlines cut China flights as firms halt travel on virus fears,Coronavirus outbreak,
https://www.aljazeera.comhttps://www.aljazeera.com/news/2020/02/coronavirus-korea-lethal-china-200219132141267.html?utm_source=website&utm_medium=article_page&utm_campaign=read_more_links,Coronavirus in N Korea could be 'much more lethal' than in China ,North Korea,Joseph Stepansky
https://www.aljazeera.comhttps://www.aljazeera.com/news/2020/02/researchers-ramp-efforts-develop-coronavirus-vaccine-200206120657215.html,Researchers ramp up efforts to develop coronavirus vaccine ,Asia Pacific,Ruairi Casey
https://www.aljazeera.comhttps://www.aljazeera.com/news/2020/03/al-jazeera-urges-egypt-release-jailed-reporter-outbreak-200318101259603.html?utm_source=website&utm_medium=article_page&utm_campaign=read_more_links,Al Jazeera urges Egypt to release jailed reporter amid outbreak,Coronavirus pandemic,
https://www.aljazeera.comhttps://www.aljazeera.com/news/2020/02/dispelling-myths-coronavirus-outbreak-200202093426388.html?utm_source=website&utm_medium=article_page&utm_campaign=read_more_links,Dispelling the myths around the new coronavirus outbreak,China,
https://www.aljazeera.com/indepth/features/green-read-ready-climate-fight-win-200421150240243.html,The Green Read: Are tiger traders cashing in on the coronavirus?,Climate Change,Nick Clark
https://www.aljazeera.com/indepth/features/mother-sparrow-lessons-humble-mother-200301070533043.html,My mother the sparrow: Lessons from a humble mother,United States,Su-Jit Lin
https://www.aljazeera.com/indepth/opinion/resistance-data-colonialism-start-200428162353538.html,Resistance to the new data colonialism must start now,Privacy & Surveillance,Ulises Ali Mejias
https://www.aljazeera.com/indepth/opinion/pandemic-anti-blackness-case-pan-africanism-200502160650489.html,"Out of pandemic anti-Blackness, a case for pan-Africanism",Africa,Yannick Giovanni Marshall
https://www.aljazeera.com/news/2020/05/200528052400200.html,Tension boils in Hong Kong as new national security bill looms,Hong Kong,
https://www.aljazeera.com/news/2020/05/taiwan-slams-china-hong-kong-security-legislation-200528105421091.html,Taiwan condemns new Hong Kong security legislation,China,
https://www.aljazeera.com/news/2020/05/trump-offers-mediation-china-india-dispute-200528142211795.html,Trump offers mediation in China-India dispute,Asia,Elizabeth Puranam
https://www.aljazeera.com/news/2020/05/blow-autonomy-china-planned-hong-kong-security-law-200527125505153.html,'A blow to autonomy': Hong Kong's national security bill,China,Kate Mayberry
https://www.aljazeera.com/ajimpact/tiktok-owner-bytedance-moves-shift-power-china-reuters-200528163336337.html,TikTok owner ByteDance moves to shift power out of China: Reuters,Business & Economy,
https://www.aljazeera.com/news/2020/05/floats-plan-expel-thousands-chinese-college-students-200529134018774.html,US floats plan to expel thousands of Chinese college students,United States,
https://www.aljazeera.comhttps://www.aljazeera.com/news/2020/01/china-reports-death-mysterious-outbreak-wuhan-200111023325546.html,China reports first death from mysterious outbreak in Wuhan,China,
https://www.aljazeera.comhttps://www.aljazeera.com/news/2020/01/china-confirms-human-human-transmission-coronavirus-200120162507948.html,China confirms human-to-human transmission of new coronavirus,Asia Pacific,
https://www.aljazeera.comhttps://www.aljazeera.com/news/2020/05/trump-coronavirus-task-force-refocused-dismantled-200506194359048.html,"Trump: Coronavirus task force being 'refocused', not dismantled",United States,
https://www.aljazeera.comhttps://www.aljazeera.com/news/2020/05/coronavirus-case-bangladesh-rohingya-refugee-camps-200514143543211.html,First coronavirus case found in Bangladesh Rohingya refugee camps,Coronavirus pandemic,
https://www.aljazeera.comhttps://www.aljazeera.com/news/2020/01/declares-coronavirus-global-emergency-death-toll-rises-200130231243350.html,WHO declares coronavirus global emergency as death toll rises,China,
https://www.aljazeera.comhttps://www.aljazeera.com/ajimpact/recession-sign-economy-shrinks-48-percent-quarter-200429120958454.html,Recession sign: US economy shrinks 4.8 percent in first quarter,United States,Patricia Sabga
https://www.aljazeera.comhttps://www.aljazeera.com/news/2020/05/spain-begins-10-day-mourning-period-coronavirus-victims-200527055151224.html,Spain begins 10-day mourning period for coronavirus victims,Spain,
https://www.aljazeera.comhttps://www.aljazeera.com/news/2020/01/countries-confirmed-cases-coronavirus-200125070959786.html?utm_source=website&utm_medium=article_page&utm_campaign=read_more_links,Coronavirus: Which countries have confirmed cases?,Health,
https://www.aljazeera.comhttps://www.aljazeera.com/news/2020/02/covid-19-renames-deadly-coronavirus-200211172638418.html,COVID-19: WHO names disease caused by new coronavirus,China,
https://www.aljazeera.comhttps://www.aljazeera.com/news/2020/01/coronavirus-spread-protect-200130115539072.html?utm_source=website&utm_medium=article_page&utm_campaign=read_more_links,How does coronavirus spread and how can you protect yourself?,Health,
https://www.aljazeera.com/indepth/opinion/afghanistan-peace-process-danger-unravelling-200331125913850.html,Afghanistan's peace process is in danger of unravelling,Asia,Sultan Barakat
https://www.aljazeera.com/indepth/opinion/afghanistan-government-national-reconciliation-200405135341374.html,Afghanistan needs a Government of National Reconciliation,Ashraf Ghani, Tabish Forugh
https://www.aljazeera.com/indepth/features/act-kabul-hospital-carnage-shakes-afghanistan-200514034602987.html,'Horrific act': Kabul hospital carnage shakes Afghanistan,Asia,
https://www.aljazeera.com/indepth/opinion/coronavirus-opportunity-peace-afghanistan-200512103852960.html,Coronavirus can still be an opportunity for peace in Afghanistan,Coronavirus pandemic,Abdul Basit
https://www.aljazeera.com/news/2020/05/track-pull-troops-afghanistan-pentagon-200515190550268.html,US on track to pull troops out of Afghanistan: Pentagon ,Afghanistan,
https://www.aljazeera.com/news/2020/05/mother-breastfeeds-orphaned-babies-kabul-attack-200516192812701.html,'Heroic' mother breastfeeds orphaned babies after Kabul attack,Asia,Shereena Qazi 
https://www.aljazeera.com/news/2020/05/envoy-push-taliban-afghan-government-peace-talks-200518181140165.html,"US envoy to push Taliban, Afghan government for peace talks",Afghanistan,
https://www.aljazeera.com/news/2020/05/afghan-taliban-leader-committed-deal-200520084836131.html,Afghan Taliban leader says committed to deal with the US,Taliban,
https://www.aljazeera.com/news/2020/05/afghanistan-coronavirus-cases-spike-eid-al-fitr-holiday-200523135330827.html,Afghanistan coronavirus cases spike ahead of Eid-al-Fitr holiday,Afghanistan,
https://www.aljazeera.com/news/2020/05/afghan-president-pledges-expedite-release-taliban-prisoners-200524063411899.html,Afghan president pledges to expedite release of Taliban prisoners,Afghanistan,
https://www.aljazeera.com/news/2020/05/afghan-intelligence-officials-killed-taliban-car-bombing-200518065638873.html,Afghan intelligence officials killed in Taliban car bombing,Afghanistan,
https://www.aljazeera.com/news/2020/05/afghanistan-free-900-taliban-prisoners-government-200526070348775.html,Afghanistan to free 900 more Taliban prisoners: Government,Asia,
https://www.aljazeera.com/news/2020/05/afghan-rivals-leadership-feud-boost-peace-process-200517172632386.html,Taliban talks in sight as Afghan political rivals end feud,Asia,Shereena Qazi 
https://www.aljazeera.com/news/2020/05/trump-full-afghanistan-pullout-sets-timeline-200527040442149.html,Trump says he wants full Afghanistan pullout but sets no timeline,Asia,
https://www.aljazeera.com/news/2020/05/afghan-forces-killed-attack-blamed-taliban-200528084958150.html,Afghan forces killed in attack blamed on Taliban,Asia,
https://www.aljazeera.comhttps://www.aljazeera.com/news/2019/06/crime-taliban-decried-threats-media-190625100313846.html,'Journalism is not a crime': Taliban decried for threats to media,Taliban,
https://www.aljazeera.com/news/2020/05/philippines-largest-tv-network-abs-cbn-ordered-shut-200505084440098.html,Philippines largest TV network ABS-CBN ordered shut,Rodrigo Duterte,Ted Regencia
https://www.aljazeera.com/news/2020/05/murder-radio-anchor-caps-turbulent-day-philippine-media-200506010930285.html,Murder of radio anchor caps turbulent day in Philippine media,Media,Ted Regencia
https://www.aljazeera.com/news/2020/04/coronavirus-lockdown-hobbles-vanuatu-cyclone-recovery-effort-200430062145722.html,Coronavirus lockdown hobbles Vanuatu cyclone recovery effort,Coronavirus pandemic,Ted Regencia
https://www.aljazeera.com/news/2020/05/iran-mosques-resume-daily-prayers-lockdown-eases-200530194428530.html,Iran's mosques to resume daily prayers as lockdown eases,Hassan Rouhani,
https://www.aljazeera.com/indepth/features/2017/08/alt-rally-charlottesville-braces-violence-170810073156023.html,Alt-right rally: Charlottesville braces for violence,United States,Patrick Strickland
https://www.aljazeera.com/ajimpact/mainland-investors-pour-money-hong-kong-record-rate-200527064809478.html,Mainland investors pour money into Hong Kong at record rate,,
https://www.aljazeera.com/indepth/opinion/coronavirus-human-rights-defenders-protection-200528114906737.html,"Amid the coronavirus, human rights defenders need more protection",Human Rights,Mary Lawlor
https://www.aljazeera.com/indepth/opinion/peace-initiatives-libya-failing-200122111825330.html,Why peace initiatives in Libya are failing,Middle East,Noha Aboueldahab
https://www.aljazeera.com/indepth/opinion/2016/12/palestinisation-syrian-people-161217083427475.html,The 'Palestinisation' of the Syrian people,Syria's Civil War,Robin Yassin-Kassab
https://www.aljazeera.com/indepth/opinion/2016/12/solitude-female-politicians-south-asia-161219123913257.html,The solitude of female politicians in South Asia,India,Mukul Kesavan
https://www.aljazeera.com/blogs/middleeast/2020/05/iraq-oil-future-youth-200507070452895.html,"Iraq, oil and the future of its youth",Fossil Fuels,Imran Khan
https://www.aljazeera.com/blogs/asia/2020/04/quake-coronavirus-knee-jerk-response-nepal-leadership-200425063912872.html,"From quake to coronavirus, knee-jerk response from Nepal leadership",Nepal,Subina Shrestha
https://www.aljazeera.com/blogs/middleeast/2020/04/bottom-barrel-200421043429605.html,Below the bottom of the barrel,Energy,Osama Bin Javaid
https://www.aljazeera.com/news/2020/05/taiwan-targets-truth-justice-investigates-darker-times-200513064124539.html,Taiwan targets truth not justice as it investigates darker times,Asia Pacific,Violet Law
https://www.aljazeera.com/blogs/europe/2020/05/hidden-coronavirus-tragedies-dutch-elderly-forgotten-pandemic-200512111731507.html,Hidden coronavirus tragedies: Dutch elderly advised against ICU,Europe,Step Vaessen
https://www.aljazeera.com/indepth/opinion/2016/12/bigotry-ahmadis-constant-pakistan-161218113353263.html,"Bigotry against Ahmadis, a constant in Pakistan",Pakistan,Rabia Mehmood 
https://www.aljazeera.com/news/2020/05/imagery-shows-200-buildings-burned-myanmar-rakhine-state-200526033635459.html,Imagery shows '200 buildings burned' in Myanmar's Rakhine State,Conflict,
https://www.aljazeera.com/news/2020/05/belgium-france-arrest-dozens-uk-migrant-lorry-deaths-200527151747741.html,"Belgium, France arrest dozens over UK migrant truck deaths",France,
https://www.aljazeera.com/blogs/sport/2020/04/sport-disappears-realise-important-200406212148574.html,"When sport disappears, we realise how important it was",Europe,Lee Wellings
https://www.aljazeera.com/blogs/europe/2020/04/death-distance-zoom-funerals-time-coronavirus-200429121514551.html,Death at a distance: Zoom funerals in the time of coronavirus,Family,Imran Khan
https://www.aljazeera.com/indepth/opinion/athletes-stand-social-injustice-191105074125436.html,Athletes must take a stand on social injustice ,Sport,David A Love
https://www.aljazeera.com/indepth/opinion/puma-helping-israel-sports-wash-human-rights-abuses-191025123042055.html,Puma keeps helping Israel sports-wash its human rights abuses,Israel,Aya Khattab 
https://www.aljazeera.com/indepth/features/films-mind-coronavirus-200408061842370.html,Five films to take your mind off coronavirus,Human Rights,
https://www.aljazeera.com/indepth/opinion/fifa-politics-gulf-feud-190212093453171.html,FIFA and the politics of a Gulf feud,FIFA,Bill Law 
https://www.aljazeera.com/news/2020/05/khashoggi-fiance-urges-newcastle-fans-shun-saudi-takeover-200513205828416.html,Khashoggi fiancee urges Newcastle fans to shun Saudi takeover,Sport,
https://www.aljazeera.com/indepth/features/war-drought-diplomatic-rifts-deepen-afghanistans-water-crisis-190504203303668.html,"War, drought, diplomatic rifts deepen Afghanistan’s water crisis",Water,Agnieszka Pikulicka-Wilczewska
https://www.aljazeera.com/indepth/opinion/time-hold-israeli-football-association-account-190405141804855.html,It's time to hold the Israeli Football Association to account, Israeli–Palestinian conflict,Mahmoud Sarsak
https://www.aljazeera.com/news/2020/05/tackling-allowed-premier-league-training-kicks-bbc-200512222939851.html,No tackling allowed when Premier League training kicks off,Sport,
https://www.aljazeera.com/news/2020/05/german-football-league-bundesliga-resume-16-200507114413897.html,German football league Bundesliga to resume on May 16,Sport,
https://www.aljazeera.com/blogs/asia/2019/12/street-hazard-road-china-heihe-191202233850125.html,'Every street a hazard': On the road from China's Heihe,China,Andrew Thomas
https://www.aljazeera.com/ajimpact/chinese-hackers-steal-data-9-million-easyjet-passengers-200519151614206.html,Did Chinese hackers steal data of 9 million easyJet passengers?,Aviation,
https://www.aljazeera.com/indepth/features/watch-animals-die-drought-disaster-kutch-190801111934636.html,'We can only watch our animals die': A drought disaster in Kutch,India,Maria Tavernini
https://www.aljazeera.com/ajimpact/ai-beat-coronavirus-latin-america-ride-time-200520064144899.html,"Using AI to beat coronavirus in Latin America, one ride at a time",Latin America,
https://www.aljazeera.com/indepth/opinion/fix-social-media-introduce-digital-socialism-200512163043881.html,"To fix social media, we need to introduce digital socialism",Social media,Michael Kwet
https://www.aljazeera.com/news/2020/05/german-football-league-bundesliga-coronavirus-break-200515115945548.html,German football league Bundesliga is back after coronavirus break,Germany,
https://www.aljazeera.com/blogs/americas/2019/07/total-eclipse-enthralls-south-america-190703052401564.html,Total eclipse enthralls South America,Latin America,Steff Gaulter
https://www.aljazeera.com/news/2020/05/top-tennis-stars-pitch-pakistan-coronavirus-relief-efforts-200518073923998.html,"Federer, Nadal help serve Pakistan's coronavirus relief efforts",Pakistan,Saba Aziz
https://www.aljazeera.com/indepth/features/model-pakistan-hazara-woman-packing-punch-200428093043673.html,'Role model': Pakistan's Hazara woman packing a punch,Human Rights,Hafsa Adil
https://www.aljazeera.com/news/2020/05/200-football-clubs-bankrupt-due-coronavirus-200514064812169.html,"'100, 200 football clubs could go bankrupt' due to coronavirus",Coronavirus pandemic,
https://www.aljazeera.com/indepth/features/escape-sport-tackling-coronavirus-pandemic-200517100242364.html,'Playful escape': How sport is tackling coronavirus pandemic,Sport,Saba Aziz
https://www.aljazeera.com/news/2020/05/top-swiss-prosecutor-faces-impeachment-fifa-probe-200520220616233.html,Top Swiss prosecutor faces possible impeachment over FIFA probe ,Sport,
https://www.aljazeera.com/ajimpact/conflict-interest-sink-saudi-backed-bid-newscastle-200522133703233.html,Could conflict of interest sink Saudi-backed bid for Newcastle?,Saudi Arabia,
https://www.aljazeera.com/news/2020/05/qatar-pledges-offer-affordable-world-cup-2022-200520183728709.html,Qatar pledges to offer 'affordable' World Cup 2022,Football,
https://www.aljazeera.com/news/2020/05/nz-rugby-players-return-training-strict-health-measures-200519141233717.html,NZ rugby players return to training under strict health measures,New Zealand,Wayne Hay
https://www.aljazeera.com/news/2020/05/real-madrid-remains-valuable-football-club-europe-200528103754393.html,Real Madrid remains most valuable football club in Europe,Sport,
https://www.aljazeera.com/indepth/opinion/2015/12/cop21-agreement-agreement-paris-climate-151215101705854.html,COP21: Any agreement is better than no agreement?,Weather,Nick Fillmore
https://www.aljazeera.com/indepth/opinion/2015/08/myanmar-monsoon-rains-persecution-150802123029018.html,Myanmar: Monsoon rains and persecution,Humanitarian crises,David Baulk
https://www.aljazeera.com/indepth/opinion/hurricanes-act-save-170922112151280.html,"Hurricanes: Act now, save later",Environment,Simon Ticehurst
https://www.aljazeera.com/news/2020/05/hundreds-evacuated-homes-wildfires-rage-200509090959374.html,Hundreds evacuated from their homes as wildfires rage in the US,United States,
https://www.aljazeera.com/news/2020/05/typhoon-roars-philippines-coronavirus-lockdown-200514054359710.html,"Typhoon Vongfong hits Philippines, coronavirus hampers evacuation",Philippines,
https://www.aljazeera.com/ajimpact/creepy-technologies-invade-european-post-pandemic-workplaces-200520134926905.html,Creepy technologies invade European post-pandemic workplaces,,
https://www.aljazeera.com/news/2020/05/al-jazeera-digital-bags-webby-awards-200521094054831.html,Al Jazeera Digital bags two Webby awards,Media,
https://www.aljazeera.com/indepth/opinion/2016/11/muslim-world-climate-action-161103101248390.html,The Muslim world has to take climate action,Weather,Naser Haghamed
https://www.aljazeera.com/news/2020/05/east-african-countries-count-losses-devastating-floods-200509081445481.html,East African countries count losses after devastating floods,Weather,
https://www.aljazeera.com/ajimpact/tech-savvy-china-big-plan-overtake-ai-wireless-comms-200521162419229.html,"Tech savvy: China's big plan to overtake US in AI, wireless comms",,
https://www.aljazeera.com/ajimpact/irish-twitter-facebook-privacy-probe-reaches-phase-200522222652099.html,Irish Twitter and Facebook privacy probe reaches next phase,European Union,
https://www.aljazeera.com/indepth/opinion/time-tech-companies-act-election-time-disinformation-200520135809708.html,It is time tech companies act on election-time disinformation,Social media,Rafael Goldzweig
https://www.aljazeera.com/news/2020/05/fashion-turns-technology-tailor-sustainable-solutions-200522170742627.html,Fashion turns to technology to tailor sustainable solutions,Science & Technology,Helen Massy-Beresford
https://www.aljazeera.com/ajimpact/virgin-orbit-fails-attempt-launch-rocket-space-200526013739640.html,Virgin Orbit fails on first attempt to launch rocket into space,Space,
https://www.aljazeera.com/news/2020/05/ioc-tokyo-olympics-scrapped-held-year-200521073601205.html,IOC: Tokyo Olympics to be scrapped if not held next year,Olympics,
https://www.aljazeera.com/news/2020/05/land-big-data-china-sets-individual-privacy-rights-200526052444041.html,"In land of big data, China sets individual privacy rights",Privacy & Surveillance,
https://www.aljazeera.com/news/2020/05/philippines-storm-displaces-tens-thousands-people-200515134758710.html,Philippines storm displaces tens of thousands of people,Philippines,Jamela Alindogan
https://www.aljazeera.com/news/2020/05/india-evacuates-thousands-cyclone-amphan-set-hit-east-coast-200518080342111.html,"India, Bangladesh order evacuation of millions ahead of cyclone",India,
https://www.aljazeera.com/news/2020/05/bangladesh-india-brace-amphan-largest-cyclone-20-years-200520022755647.html,"Many killed as Cyclone Amphan tears into India, Bangladesh coasts",Weather,
https://www.aljazeera.com/news/2020/05/cyclone-amphan-leaves-trail-destruction-bangladesh-india-200521035745307.html,"Cyclone Amphan kills dozens, destroys homes in India, Bangladesh",Asia,
https://www.aljazeera.com/news/2020/05/cyclone-amphan-india-bangladesh-clean-devastation-200521163058166.html,Cyclone Amphan: India and Bangladesh clean up after devastation,India,Elizabeth Puranam
https://www.aljazeera.com/ajimpact/spacex-counts-historic-crew-dragon-astronaut-launch-200526010059200.html,SpaceX counts down to historic Crew Dragon astronaut launch,United States,Laura Winter
https://www.aljazeera.com/news/2020/05/thousands-evacuated-michigan-dams-fail-200520124718587.html,US: Thousands evacuated in Michigan after two dams fail,United States,
https://www.aljazeera.com/news/2020/05/india-pm-visits-areas-devastated-cyclone-200522170350967.html,India PM visits areas devastated by cyclone,China,Priyanka Gupta
https://www.aljazeera.com/news/2020/05/north-india-sizzles-temperature-touches-50c-200527102937877.html,North India sizzles as temperature touches 50C,India,
https://www.aljazeera.com/indepth/features/urgent-refugees-perish-libyan-detention-centre-190606185251273.html,'We need urgent help': Refugees perish in Libyan detention centre,Libya,Sally Hayden
https://www.aljazeera.com/news/2020/05/temperature-records-broken-australia-queensland-200523104653370.html,May temperature records broken across Australia's Queensland,Asia Pacific,
https://www.aljazeera.com/indepth/features/qa-msf-official-migrants-rescue-efforts-mediterranean-190911175354796.html,Q&A: MSF official on migrants' rescue efforts in Mediterranean,Migrants,Faras Ghani
https://www.aljazeera.com/indepth/opinion/pandemic-change-russia-calculus-middle-east-200413135440728.html,The pandemic may change Russia's calculus in the Middle East,Russia,Dmitriy Frolovskiy
https://www.aljazeera.com/news/2020/05/gna-haftar-forces-shelling-kills-7-displaced-people-shelter-200517091308708.html,GNA: Haftar forces shelling kills 7 at displaced people's shelter,Libya,
https://www.aljazeera.com/news/2020/05/libya-gna-recaptures-strategic-al-watiya-airbase-200518080809238.html,Libya's GNA recaptures strategic al-Watiya airbase ,Libya,
https://www.aljazeera.com/indepth/opinion/turkey-russia-libyan-conundrum-200118144000930.html,"Turkey, Russia and the Libyan conundrum",Middle East,Guma El-Gamaty
https://www.aljazeera.com/indepth/features/ghosts-lockerbie-stirred-prospect-posthumous-appeal-200316165937575.html,Ghosts of Lockerbie stirred with prospect of posthumous appeal,Libya,Alasdair Soussi
https://www.aljazeera.com/news/2020/05/uk-denounce-russia-role-libya-war-200519185316584.html,"UK, US denounce Russia's role in Libya's war",Middle East,
https://www.aljazeera.com/news/2020/05/libya-gna-recaptures-towns-tunisia-border-haftar-200519093703915.html,Libya: GNA recaptures towns near Tunisia border from Haftar,Khalifa Haftar,
https://www.aljazeera.com/news/2020/05/envoy-warns-foreign-backers-worsen-libyan-conflict-200520065444271.html,UN envoy warns foreign backers will worsen Libyan conflict,Libya,James Bays
https://www.aljazeera.com/news/2020/05/libya-haftar-lna-pulling-tripoli-front-lines-200520180907058.html,Libya: Haftar's LNA says pulling back from Tripoli front lines,Middle East,
https://www.aljazeera.com/indepth/features/analysis-drc-deadly-measles-epidemic-200312080536405.html,"Analysis: DRC's deadly, but ignored, measles epidemic",Health,Rosebell Kagumire
https://www.aljazeera.com/blogs/africa/2020/04/ebola-coronavirus-emergency-200423065410469.html,Ebola to coronavirus: From one emergency to another,Ebola,Imran Khan
https://www.aljazeera.com/indepth/features/doctor-note-serology-tests-work-200505151942226.html,Doctor's Note: What are serology tests and do they work?,Coronavirus pandemic,Dr Amir Khan
https://www.aljazeera.com/news/2020/05/libya-gna-targeting-retreating-haftar-forces-200521075939246.html,Libya's GNA says it is targeting retreating Haftar forces,Khalifa Haftar,
https://www.aljazeera.com/news/2020/05/consequences-turkey-warns-libya-haftar-attacks-200521134858281.html,'Grave consequences': Turkey warns Libya's Haftar against attacks,Turkey,
https://www.aljazeera.com/news/2020/05/libya-gna-aligned-forces-retake-military-camps-tripoli-200523172107049.html,Libya: GNA retakes military camps near Tripoli,Libya,
https://www.aljazeera.com/news/2020/05/libya-khalifa-haftar-200523142442684.html,Is Libya's Khalifa Haftar on the way out? ,Khalifa Haftar,Malik Traina
https://www.aljazeera.com/news/2020/05/russian-fighters-flown-western-libya-haftar-retreat-200524200905871.html,Hundreds more Russian mercenaries flee western Libya: GNA forces,Khalifa Haftar,
https://www.aljazeera.com/news/2020/05/libyan-coastguard-detains-hundreds-migrants-200525191125794.html,UN: Libyan coastguard detains hundreds of migrants,Libya,
https://www.aljazeera.com/news/2020/05/military-accuses-russia-deploying-fighter-jets-libya-200526140634761.html,US says Russia sent advanced fighters to aid mercenaries in Libya,Middle East,
https://www.aljazeera.com/news/2020/05/russia-flew-14-mig-29s-su-24s-libya-army-200527200442656.html,Russia flew 14 MiG 29s and Su-24s to Libya: US army,Khalifa Haftar,
https://www.aljazeera.com/news/2020/05/bangladesh-struggles-aid-cyclone-stricken-communities-200523184111824.html,Bangladesh struggles to aid cyclone-stricken communities,Cyclone,Tanvir Chowdhury
https://www.aljazeera.com/indepth/opinion/cholera-time-neoliberalism-180205094227518.html,Cholera in a time of neoliberalism,World Health Organization,Jonathan Kennedy
https://www.aljazeera.com/indepth/opinion/vaccine-hesitancy-muslim-problem-190218092533092.html,Vaccine hesitancy is not a 'Muslim problem',World Health Organization,Jonathan Kennedy
https://www.aljazeera.com/indepth/opinion/problem-army-enforced-lockdowns-time-covid-19-200401101641258.html,The problem with army enforced lockdowns in the time of COVID-19,Military,Karsten Noko
https://www.aljazeera.com/indepth/opinion/time-fix-defund-200421075122052.html,"It is time to fix the WHO, not defund it",World Health Organization,Karsten Noko
https://www.aljazeera.com/news/2020/05/trump-threatens-permanent-freeze-funding-200519041139473.html,Trump threatens permanent freeze on WHO funding,World Health Organization,
https://www.aljazeera.com/news/2020/05/head-leading-virus-fight-trump-threat-200519165826495.html,WHO head says he will keep leading virus fight after Trump threat,World Health Organization,
https://www.aljazeera.com/news/2020/05/libya-battle-sky-air-superiority-changed-war-200527135230131.html,'Largest drone war in the world': How airpower saved Tripoli,Middle East,Alex Gatopoulos
https://www.aljazeera.com/news/2020/05/reports-record-number-daily-coronavirus-cases-200520184141939.html,WHO reports record number of new daily coronavirus cases,World Health Organization,
https://www.aljazeera.com/news/2020/05/suspends-coronavirus-hydroxycholoroquine-trial-200525173107521.html,WHO suspends coronavirus hydroxychloroquine trial,World Health Organization,
https://www.aljazeera.com/news/2020/05/footballers-join-calls-domestic-violence-lockdowns-200527074816426.html,Footballers join calls against domestic violence amid lockdowns,Football,
https://www.aljazeera.com/news/2020/05/creates-foundation-tap-funding-sources-200527162706957.html,WHO creates foundation to tap new funding sources,World Health Organization,
https://www.aljazeera.com/news/2020/05/trump-terminating-relationship-pandemic-200529191632563.html,Trump says US 'terminating relationship' with WHO amid pandemic,World Health Organization,
https://www.aljazeera.com/indepth/features/coronavirus-brings-delays-guantanamo-detainees-trial-200510061738951.html,Coronavirus brings new delays for Guantanamo detainees on trial,Guantanamo Bay ,Alex Lederman
https://www.aljazeera.com/indepth/features/playing-time-china-hong-kong-deepening-protests-190730190245184.html,"Playing for time: China, Hong Kong and its deepening protests ",Hong Kong protests,Casey Quackenbush
https://www.aljazeera.com/indepth/features/iran-songs-times-war-coronavirus-200427094123190.html,From Iran to the US: Songs in times of war and coronavirus,Music,Sara Goudarzi
https://www.aljazeera.com/indepth/features/hong-kong-celebrities-risking-careers-join-protests-190624110839766.html,The Hong Kong celebrities risking careers to join protests,Hong Kong,Erin Hale
https://www.aljazeera.com/indepth/opinion/trump-winning-political-spin-game-200518181025503.html,Trump is winning the political spin game,Donald Trump,Anna Jacobs
https://www.aljazeera.com/indepth/features/family-politics-hong-kong-protests-affect-home-dynamic-190902111251102.html,Family politics: How Hong Kong protests affect the home dynamic,Hong Kong,Violet Law
https://www.aljazeera.com/indepth/features/domestic-workers-search-rights-pro-democracy-protests-191020174734212.html,Domestic workers search for rights amid pro-democracy protests,Hong Kong protests,Betsy Joles 
https://www.aljazeera.com/indepth/opinion/hong-kong-kashmir-palestine-ruins-british-empire-fire-190925122530155.html,"Hong Kong, Kashmir, Palestine: Ruins of British empire on fire",United Kingdom,Hamid Dabashi
https://www.aljazeera.com/indepth/opinion/internet-restrictions-exacerbate-hong-kong-problems-191016145818567.html,Internet restrictions would only exacerbate Hong Kong's problems,Hong Kong protests,Samuel Woodhams
https://www.aljazeera.com/indepth/opinion/political-cost-coronavirus-outbreak-hong-kong-200203133029931.html,The political cost of the coronavirus outbreak in Hong Kong,Hong Kong,Yuen Chan
https://www.aljazeera.com/news/2020/05/trump-hints-action-china-hong-kong-security-law-200527011341231.html,Trump hints at action against China over Hong Kong security law,Donald Trump,
https://www.aljazeera.com/news/2020/05/hong-kong-china-national-anthem-bill-controversial-200527033438414.html,Hong Kong: Why China's national anthem bill is so controversial,Asia Pacific,
https://www.aljazeera.com/ajimpact/tension-trade-asian-stocks-dip-china-row-hong-kong-200527061409770.html,Tension trade: Asian stocks dip on US-China row over Hong Kong,Financial Markets,
https://www.aljazeera.com/news/2020/05/pompeo-declares-hong-kong-longer-autonomous-china-200527160446550.html,Pompeo declares Hong Kong 'no longer autonomous' from China,United States,
https://www.aljazeera.com/news/2020/05/300-hong-kong-protesters-arrested-200527140304759.html,More than 300 Hong Kong protesters arrested,Human Rights,Adrian Brown
https://www.aljazeera.com/ajimpact/hong-kong-stocks-fall-bucking-rise-asia-200528051727180.html,"Hong Kong stocks fall, bucking a rise elsewhere in Asia",Financial Markets,
https://www.aljazeera.com/news/2020/05/china-parliament-approves-hong-kong-national-security-bill-200528073103358.html,China's parliament approves Hong Kong national security bill,China,
https://www.aljazeera.comhttps://www.aljazeera.com/news/2019/07/laquan-mcdonald-killing-chicago-officers-fired-cover-190719140247331.html,Laquan McDonald killing: Four Chicago officers fired for cover-up,US & Canada,
https://www.aljazeera.com/news/2020/02/1st-time-iowa-history-mosques-serve-caucus-sites-200203194831339.html,"For 1st time in Iowa history, mosques are serving as caucus sites",United States,Laurin-Whitney Gottbrath
https://www.aljazeera.com/news/2020/02/calls-grow-bloomberg-apologise-surveillance-muslims-200220231819582.html,Calls grow for Bloomberg to apologise for surveillance of Muslims,United States,Laurin-Whitney Gottbrath
https://www.aljazeera.com/indepth/features/black-confederates-bargaining-history-181021103114944.html,'There were black Confederates too': Bargaining with US history,United States,
https://www.aljazeera.com/indepth/opinion/black-lives-matter-immigrant-rights-movement-171210095207677.html,Do Black Lives Matter in the immigrant rights movement?,Black Lives Matter,Jamila Osman
https://www.aljazeera.com/indepth/opinion/martin-luther-king-battles-outlived-180404080533501.html,Martin Luther King and the battles that outlived him,United States,David A Love
https://www.aljazeera.com/indepth/opinion/2017/08/detroit-film-white-people-white-people-170813124207182.html,Detroit: A film by white people for white people,Cinema,John Sims
https://www.aljazeera.com/news/2020/05/man-filmed-arbery-shooting-video-charged-murder-200521221544542.html,US man who filmed Arbery shooting video charged with murder ,United States,
https://www.aljazeera.com/news/2020/05/amaud-arbery-slaying-georgia-prosecutor-pledges-find-justice-200522153300535.html,Ahmaud Arbery slaying: Georgia prosecutor pledges to find justice,United States,
https://www.aljazeera.com/news/2020/04/pakistani-american-doctor-takes-ventilator-shortages-200415211901285.html,'Hero': Pakistani-American doctor takes on ventilator shortages,United States,Laurin-Whitney Gottbrath
https://www.aljazeera.com/news/2020/04/historic-ramadan-call-prayer-echoes-minnesota-city-200424145353618.html,US: 'Historic' Ramadan call to prayer echoes in Minnesota city,United States,Laurin-Whitney Gottbrath
https://www.aljazeera.com/news/2020/05/doj-probing-arbery-slaying-hate-crime-lawyers-200525214144856.html,"US DOJ probing Arbery slaying as possible hate crime, lawyers say",United States,
https://www.aljazeera.com/news/2020/05/ramadan-muslims-feed-virus-hit-texas-200522214121567.html,"During Ramadan, Muslims feed those in need in virus-hit Texas",United States,Laurin-Whitney Gottbrath
https://www.aljazeera.com/indepth/opinion/watching-black-panther-harlem-180227091520981.html,Watching Black Panther in Harlem ,Racism,Hamid Dabashi
https://www.aljazeera.com/news/2020/05/questions-remain-cop-kills-muslim-man-threw-rocks-200522162544188.html,Questions remain after US cop kills Muslim man who 'threw rocks',Police,Creede Newton
https://www.aljazeera.com/news/2020/05/george-floyd-death-pressure-mounts-officers-charged-200528004535033.html,George Floyd death: Pressure mounts for US officers to be charged,United States,Laurin-Whitney Gottbrath
https://www.aljazeera.com/indepth/inpictures/pictures-hundreds-demand-justice-george-floyd-200527133305569.html,In Pictures: Hundreds in US demand justice for George Floyd,United States,
https://www.aljazeera.com/news/2020/05/brother-george-floyd-justice-200529065445141.html,Brother of George Floyd: 'I just want justice',Black Lives Matter,
https://www.aljazeera.com/news/2020/05/floyd-protests-minneapolis-police-arrest-cnn-crew-live-air-200529134932838.html,Floyd protests: Minneapolis police arrest CNN crew live on air,United States,
https://www.aljazeera.com/news/2020/05/george-floyd-minneapolis-braces-night-protests-200528211041622.html,George Floyd: Protests over deadly arrest rock US's Minneapolis,United States,Laurin-Whitney Gottbrath
https://www.aljazeera.com/news/2020/05/derek-chauvin-charged-murder-death-george-floyd-200529180813440.html,US: Derek Chauvin charged with murder in death of George Floyd,Black Lives Matter,
https://www.aljazeera.com/blogs/americas/2020/05/chloroquine-200520113051506.html,I took chloroquine. This is what it did to me,Coronavirus pandemic,Imran Khan
https://www.aljazeera.com/news/2020/04/domestic-abuse-palestinian-women-soars-200420175924348.html,Domestic abuse against Palestinian women soars,Palestine,Farah Najjar
https://www.aljazeera.com/indepth/inpictures/pictures-workers-leave-home-stay-healthy-200517145433519.html,In Pictures: Workers who leave home to help others stay healthy,Coronavirus pandemic,
https://www.aljazeera.com/indepth/inpictures/pictures-kashmir-homes-reduced-rubble-gun-battle-200520081337812.html,In Pictures: Kashmir homes reduced to rubble during gun battle,Kashmir,
https://www.aljazeera.com/podcasts/thetake/2020/05/kenya-coronavirus-global-education-gap-200527142448125.html,"Kenya, coronavirus and the global education gap",Kenya,
https://www.aljazeera.com/podcasts/thetake/2020/05/dreamers-deport-200522152026157.html,When 'Dreamers' self-deport,United States,
https://www.aljazeera.com/podcasts/thetake/2020/05/al-jazeera-coronavirus-book-club-200525151340897.html,Al Jazeera's coronavirus book club,Coronavirus pandemic,
https://www.aljazeera.com/indepth/features/sons-jerusalem-190515143409343.html,Sons of Jerusalem,Palestine,Awad Joumaa
https://www.aljazeera.com/indepth/features/giving-indonesia-children-disabilities-chance-180808123227203.html,Giving Indonesia's children with disabilities a chance,Education,Hassan Ghani
https://www.aljazeera.com/indepth/features/trash-treasure-greece-lesbos-180910125802787.html,Trash is treasure in Greece's Lesbos,Science & Technology,
https://www.aljazeera.com/news/2017/07/gulf-states-rebuff-bid-ease-humanitarian-impact-170719130425057.html,Gulf states 'rebuff bid to ease humanitarian impact',Qatar,Ali Younes
https://www.aljazeera.com/news/2018/07/philippine-women-abducted-iraq-180707151329767.html,Two Philippine women abducted in Iraq ,Middle East,
https://www.aljazeera.com/indepth/inpictures/2016/10/repairing-palestine-historic-mosaics-161024170758114.html,Repairing Palestine's historic mosaics,Palestine,
https://www.aljazeera.com/indepth/features/2017/06/liberia-ebola-human-suffering-changed-170618094629264.html,Liberia after Ebola: 'The human suffering changed me',Africa,Ashoka Mukpo
https://www.aljazeera.com/news/2019/04/ethiopia-jail-museum-190417132151677.html,Ethiopia: Former jail to become museum,Ethiopia,
https://www.aljazeera.com/indepth/features/islamic-banking-ethiopia-offers-muslims-financial-inclusion-190404192204542.html,Islamic banking in Ethiopia offers Muslims financial inclusion,Ethiopia,Elias Gebreselassie
https://www.aljazeera.com/indepth/features/sexual-abuse-children-ethiopia-taboo-190529122211383.html,"Speaking up against sexual violence, domestic abuse in Ethiopia",Ethiopia,Elias Gebreselassie
https://www.aljazeera.com/news/2019/07/rehab-programme-brings-life-rural-ethiopia-190711195010090.html,Well rehab programme brings new life to rural Ethiopia,Ethiopia,Leah Harding
https://www.aljazeera.com/indepth/features/ethiopia-forgotten-refugee-land-190923074100052.html,"In Ethiopia, a forgotten refugee in her own land",Ethiopia,Tom Gardner
https://www.aljazeera.com/indepth/features/toll-burying-grenfell-dead-180926072155075.html,The toll of burying Grenfell's dead: London's Muslim undertakers,United Kingdom,James Rippingale
https://www.aljazeera.com/indepth/features/2016/08/remembering-battle-cable-street-160802072152633.html,Remembering the Battle of Cable Street,Human Rights,Josef O'Shea
https://www.aljazeera.com/indepth/features/olga-benario-prestes-german-fought-fascism-death-181213220757470.html,"Olga Benario Prestes: The German who fought fascism, to the death",Germany,Gouri Sharma
https://www.aljazeera.com/indepth/features/horror-crime-parallel-worlds-berlin-neukolln-181227091309851.html,'Not just horror and crime': Parallel worlds in Berlin's Neukolln,Germany,Sumi Somaskanda
https://www.aljazeera.com/news/2018/02/jordan-economic-crisis-threatens-political-stability-180214112245542.html,Jordan's economic crisis threatens political stability,Middle East,Ali Younes
https://www.aljazeera.com/indepth/opinion/price-america-quest-external-enemy-200420194405578.html,The price of America's quest for an external enemy,Coronavirus pandemic,Morgan Godvin
https://www.aljazeera.com/blogs/middleeast/2018/05/14-years-worth-google-searches-israel-palestine-180508105046575.html,What we found in 14 years worth of Google searches on Israel and Palestine,,Mohammed Haddad
https://www.aljazeera.com/news/2019/09/planet-thousands-join-global-climate-strike-asia-190920040636503.html,'No Planet B': Millions take to streets in global climate strike,Climate Change,
https://www.aljazeera.com/indepth/opinion/covid-19-addressing-internal-displacement-urgent-200525080109674.html,COVID-19 makes addressing internal displacement even more urgent,IDPs,Donald Kaberuka
https://www.aljazeera.com/indepth/opinion/isle-eigg-possibilities-building-economy-200512134723182.html,The Isle of Eigg and the possibilities of building a new economy,United Kingdom,Christine Berry
https://www.aljazeera.com/indepth/opinion/imf-prevent-covid-19-economic-catastrophe-200521092602809.html,The US should stop blocking vital IMF funds for poorer countries,IMF,Rick Rowden
https://www.aljazeera.com/indepth/opinion/road-blue-green-recovery-200528082435928.html,The road to a blue-green recovery,Coronavirus pandemic,Peter Thomson
https://www.aljazeera.com/news/2018/06/knesset-disqualifies-bill-seeking-equal-status-jews-arabs-180605103127742.html,Knesset disqualifies bill seeking equal status for Jews and Arabs,Middle East,Ali Younes
https://www.aljazeera.com/news/2018/06/gulf-aid-package-resolve-jordan-economic-crisis-180612095819844.html,Will Gulf aid package help resolve Jordan's economic crisis?,Middle East,Ali Younes
https://www.aljazeera.com/news/2018/06/embassy-move-trump-weighs-jerusalem-consulate-180601180158323.html,"After embassy move, Trump weighs Jerusalem consulate changes",US & Canada,
https://www.aljazeera.com/news/2018/06/gulf-nations-pledge-25bn-economic-aid-package-jordan-180611055833875.html,Gulf nations pledge $2.5bn economic aid package to Jordan,Middle East,
https://www.aljazeera.com/blogs/americas/2019/09/illegally-tapping-french-guiana-forest-gold-190922075859922.html,Illegally tapping French Guiana's forest of gold,Pollution,Nick Clark
https://www.aljazeera.com/news/2019/12/kenyas-river-mara-vulnerable-climate-change-191202175422734.html,Kenya's River Mara vulnerable to climate change,Kenya,
https://www.aljazeera.com/news/2019/12/planet-sos-fishermen-fish-disappearing-191208091214932.html,Planet SOS: Fishermen say fish are disappearing,Uganda,Haru Mutasa
https://www.aljazeera.com/news/2018/10/jamal-khashoggi-case-impact-turkey-saudi-ties-181008185529274.html,Will Khashoggi's disappearance affect Turkish-Saudi ties?,Turkey,Ali Younes
https://www.aljazeera.com/news/2018/10/qatar-demands-release-qataris-disappeared-saudi-arabia-181015134826680.html,Qatar demands release of four Qataris disappeared in Saudi Arabia,Saudi Arabia,Ali Younes
https://www.aljazeera.com/news/2018/10/jordan-protesters-call-political-reform-181020175643361.html,Jordan protesters call for political reform,Middle East,Ali Younes
https://www.aljazeera.com/indepth/opinion/2012/08/201281911728926838.html,"South Africa: A throwback to the past, a shock for the future",New Zealand,Danny Schechter
https://www.aljazeera.com/news/2019/03/erik-prince-acknowledges-2016-trump-tower-meeting-time-190308194101138.html,Erik Prince acknowledges 2016 Trump Tower meeting for first time,United States,
https://www.aljazeera.com/news/asia/2013/02/201322814221920994.html,Bangladesh verdict sparks deadly protests,Asia,
https://www.aljazeera.com/news/asia/2013/03/2013330194651833996.html,Japan seeks Mongolia support over island spat,Asia,
https://www.aljazeera.com/news/asia/2013/08/201383144339337631.html,First verdict due in Delhi gang-rape case,India,
https://www.aljazeera.com/indepth/features/london-food-waste-hero-181016121448737.html,London's food waste hero,Poverty & Development,
https://www.aljazeera.com/indepth/features/stories-lebanon-refugee-newsroom-181113133223389.html,'We have stories to tell': Inside Lebanon's refugee newsroom,Palestine,
https://www.aljazeera.com/indepth/features/amazonian-tribe-defending-land-technology-181220113423595.html,The Amazonian tribe defending their land with technology,Ecuador,
https://www.aljazeera.com/indepth/features/shelter-home-190407072048435.html,This Colombian woman shelters 150 Venezuelans every day,Venezuela,Alejandro Bernal Rueda
https://www.aljazeera.com/indepth/opinion/2016/08/donald-trump-america-great-160816095348041.html,How Donald Trump could make America great again,Donald Trump,Mark LeVine
https://www.aljazeera.com/indepth/opinion/2015/12/racism-melting-pot-boiling-151210051654391.html,Racism in the US - the melting pot is boiling,United States,John Metta
https://www.aljazeera.com/indepth/opinion/2016/06/world-europe-160605132634954.html,Welcome to the world of Europe's far-right,Europe,Andrea Mammone
https://www.aljazeera.com/indepth/features/2013/09/20139413431960231.html,Exclusive: US security flaws exposed in Libya,US & Canada,Trevor Aaronson
https://www.aljazeera.com/indepth/opinion/2016/11/normalisation-donald-trump-161116150546636.html,The normalisation of Donald Trump,Donald Trump,Marwan Bishara
https://www.aljazeera.com/indepth/opinion/2016/11/161121134202757.html,America needs anger management,US Elections 2016,Marwan Bishara
https://www.aljazeera.comhttp://www.aljazeera.com/news/middleeast/2011/07/2011724125647625781.html,Jordan's PM approved controversial casino,Jordan,Gregg Carlstrom
https://www.aljazeera.com/news/2017/12/analysis-yemens-ex-president-salehs-killing-revenge-171204135213663.html,Analysis: Yemen's ex-president Saleh's killing was 'revenge',Yemen,Marwan Bishara
https://www.aljazeera.com/indepth/features/return-king-190602105931107.html,To return a king,Nigeria,
https://www.aljazeera.com/investigations/2013/12/woolwich-murderers-convicted-british-court-2013121714198213364.html,Woolwich murderers convicted by British court,Europe,Kris Jepson
https://www.aljazeera.com/indepth/features/bedtime-stories-age-coronavirus-200510061733795.html,How to tell bedtime stories in the age of coronavirus,Family,Kao Kalia Yang
https://www.aljazeera.com/investigations/killing-arafat/killing-arafat-full-story-2013116125955541864.html,Al Jazeera Investigates - Killing Arafat,Europe,
https://www.aljazeera.com/indepth/opinion/laughable-leadership-trump-strategy-astray-171219133442747.html,Laughable leadership: Trump's strategy astray,Security,Marwan Bishara
https://www.aljazeera.com/indepth/opinion/trump-jerusalem-quintessential-netanyahu-171207112152149.html,Trump on Jerusalem: a quintessential Netanyahu,Israel,Marwan Bishara
https://www.aljazeera.com/indepth/opinion/shark-shrimp-charlatan-180107160136819.html,"The shark, the shrimp and the charlatan",Donald Trump,Marwan Bishara
https://www.aljazeera.com/indepth/features/tide-opportunity-save-oceans-200527163136894.html,Taking the tide of opportunity to save our oceans,Environment,Nick Clark
https://www.aljazeera.com/indepth/inpictures/pictures-cyclone-amphan-wreaks-havoc-india-bangladesh-200521091348797.html,"In Pictures: Cyclone Amphan wreaks havoc in India, Bangladesh",Asia,
https://www.aljazeera.com/indepth/inpictures/pictures-michigan-faces-500-year-flood-event-dams-fail-200521125800789.html,Pictures: Michigan faces '500-year' flood event after dams fail,United States,
https://www.aljazeera.com/indepth/inpictures/pictures-eid-al-fitr-time-coronavirus-200524085824395.html,In Pictures: Eid al-Fitr in the time of coronavirus,Islam,
https://www.aljazeera.com/indepth/inpictures/pictures-iconic-sites-world-reopen-doors-200527073415935.html,In Pictures: Iconic sites around the world reopen their doors,Coronavirus pandemic,
https://www.aljazeera.com/indepth/inpictures/pictures-india-braces-worst-locust-invasion-decades-200528120037842.html,In Pictures: India braces for worst locust invasion in decades,India,
https://www.aljazeera.com/indepth/inpictures/pictures-thousands-protest-hong-kong-law-200524143855170.html,In Pictures: Thousands protest in Hong Kong against new law,Hong Kong protests,
https://www.aljazeera.com/indepth/inpictures/2017/02/drought-somalia-time-running-170213111737077.html,Drought in Somalia: Time is Running Out,Global Warming,
https://www.aljazeera.com/news/2018/09/gina-haspel-cia-recruit-foreign-spies-180924203022481.html,Gina Haspel's CIA looks to recruit more foreign spies,US & Canada,Ali Younes
https://www.aljazeera.com/news/2018/09/chad-troops-kill-17-boko-haram-fighters-lake-chad-attack-180929140628227.html,Chad troops kill 17 Boko Haram fighters after Lake Chad attack,Boko Haram,
https://www.aljazeera.com/indepth/inpictures/2017/04/saving-china-pandas-170413030228024.html,Saving China's pandas,Asia,
https://www.aljazeera.com/indepth/features/qa-reality-free-education-ghana-180219070207774.html,Q&A: The reality of free education for all in Ghana,Ghana,Charlotte Mitchell
https://www.aljazeera.com/blogs/asia/2018/08/filmmaker-year-journey-filming-asia-comfort-women-180813125008321.html,A filmmaker's six-year journey filming with Asia's 'comfort women',Human Rights,Tiffany Hsiung
https://www.aljazeera.com/indepth/features/telling-stories-somalia-lost-warriors-180905141334734.html,Telling the stories of Somalia's lost warriors,Immigration,Dean Adams
https://www.aljazeera.com/indepth/inpictures/history-violence-growing-car-171212065518010.html,A history of violence: Growing up in CAR,War & Conflict,
https://www.aljazeera.com/indepth/features/2017/08/female-face-islamic-law-malaysia-170802110726630.html,The female face of Islamic law in Malaysia,Malaysia,Liz Gooch
https://www.aljazeera.com/news/2018/10/pm-najib-denies-wrongdoing-malaysia-deepens-1mdb-probe-181026103940342.html,Former PM Najib denies wrongdoing as Malaysia deepens 1MDB probe,Corruption,101 East
https://www.aljazeera.com/news/2018/09/qatar-emir-visit-latin-america-seek-allies-blockade-180929153302817.html,Qatar emir to visit Latin America to seek allies amid blockade,Latin America,
https://www.aljazeera.com/indepth/features/2015/10/sweden-hijabista-selling-muslim-fashion-151022111549949.html,Sweden's 'hijabista': Selling Muslim fashion,Islam,Fatma Naib
https://www.aljazeera.com/indepth/inpictures/2016/03/everyday-eritrea-resilience-face-repression-160310083414592.html,Everyday Eritrea: Resilience in the face of repression,Africa,
https://www.aljazeera.com/indepth/features/2017/02/palestine-hamas-elects-leader-uncertain-time-170216095605085.html,Palestine: Hamas elects new leader in uncertain time,Middle East,Ali Younes
https://www.aljazeera.com/news/2018/10/sinwar-war-israel-hamas-interest-181005183535662.html,Sinwar: Another war with Israel not in Hamas's interest,Palestine,Ali Younes
https://www.aljazeera.com/indepth/inpictures/2016/11/displaced-refugees-fear-loss-lake-chad-shrinks-161114113351505.html,Displaced refugees fear more loss as Lake Chad shrinks,Boko Haram,
https://www.aljazeera.com/news/2019/01/israel-hezbollah-tunnels-lebanon-border-190113080229019.html,Israel says it has found all Hezbollah tunnels on Lebanon border,Lebanon,
